,idCationResults,idLabInstrumentRun,RunPosition,SampleName,SampleSize,UnitsSample,Ca,UnitsResult
0,0,0,,20080124 ST1,,,49860.0,ppb
1,1,0,,20080208 ST1,,,48850.0,ppb
2,2,0,,20080307 ST1,,,30280.0,ppb
3,3,0,,20080527 ST1,,,48730.0,ppb
4,4,0,,20080721 ST1,,,45920.0,ppb
5,5,0,,20080124 ST4,,,55240.0,ppb
6,6,0,,20080527 ST4,,,60580.0,ppb
7,7,0,,20080721 ST4,,,70460.0,ppb
8,8,0,,20080208 ST4,,,77370.0,ppb
9,9,0,,20080229 ST4,,,67060.0,ppb
10,10,0,,20080307 ST4,,,81160.0,ppb
11,11,0,,20080314 ST4,,,60110.0,ppb
12,12,0,,20080229 ST1,,,42580.0,ppb
13,13,0,,20080314 ST1,,,37450.0,ppb
14,14,1,,20081021 SMP,,,70000.0,ppb
15,15,1,,20080923 ST1,,,52130.0,ppb
16,16,1,,20081021 ST1,,,56660.0,ppb
17,17,1,,20081118 ST1,,,52420.0,ppb
18,18,1,,20081216 ST1,,,46390.0,ppb
19,19,1,,20080923 ST2,,,79400.0,ppb
20,20,1,,20081021 ST2,,,72600.0,ppb
21,21,1,,20081118 ST2,,,78200.0,ppb
22,22,1,,20081216 ST2,,,76620.0,ppb
23,23,1,,20090113 ST2,,,77730.0,ppb
24,24,1,,20080923 FTM,,,76870.0,ppb
25,25,1,,20081021 FTM,,,74690.0,ppb
26,26,1,,20081118 FTM,,,71580.0,ppb
27,27,1,,20081216 FTM,,,79000.0,ppb
28,28,1,,20090113 FTM,,,70920.0,ppb
29,29,1,,20080923 TRN,,,49550.0,ppb
30,30,1,,20081021 TRN,,,53630.0,ppb
31,31,1,,20081118 TRN,,,52960.0,ppb
32,32,1,,20081216 TRN,,,49640.0,ppb
33,33,1,,20090113 TRN,,,45470.0,ppb
34,34,1,,20090113 POL,,,97500.0,ppb
35,35,1,,20080815 BHL,,,75610.0,ppb
36,36,1,,20080923 BHL,,,83940.0,ppb
37,37,1,,20081021 BHL,,,76900.0,ppb
38,38,1,,20081118 BHL,,,77480.0,ppb
39,39,1,,20081216 BHL,,,77500.0,ppb
40,40,1,,20090113 BHL,,,78670.0,ppb
41,41,1,,20080815 ST4,,,72350.0,ppb
42,42,1,,20080923 ST4,,,94540.0,ppb
43,43,1,,20081021 ST4,,,78690.0,ppb
44,44,1,,20081118 ST4,,,78600.0,ppb
45,45,1,,20081216 ST4,,,84020.0,ppb
46,46,1,,20090113 ST4,,,80270.0,ppb
47,47,1,,20080815 ST1,,,59910.0,ppb
48,48,2,,20080923 SMP,,,62910.0,ppb
49,49,2,,20081118 SMP,,,58640.0,ppb
50,50,2,,20081216 SMP,,,53900.0,ppb
51,51,2,,20090113 SMP,,,55460.0,ppb
52,52,2,,20090414 ST2,,,65640.0,ppb
53,53,2,,20090218 FTM,,,68760.0,ppb
54,54,2,,20090317 FTM,,,65390.0,ppb
55,55,2,,20090414 FTM,,,67650.0,ppb
56,56,2,,20090218 TRN,,,40470.0,ppb
57,57,2,,20090317 TRN,,,38340.0,ppb
58,58,2,,20090414 TRN,,,39060.0,ppb
59,59,2,,20090218 POL,,,92420.0,ppb
60,60,2,,20090317 POL,,,92380.0,ppb
61,61,2,,20090414 POL,,,92400.0,ppb
62,62,2,,20090218 BHL,,,73640.0,ppb
63,63,2,,20090317 BHL,,,72950.0,ppb
64,64,2,,20090414 BHL,,,81390.0,ppb
65,65,2,,20090218 ST4,,,73400.0,ppb
66,66,2,,20090317 ST4,,,71160.0,ppb
67,67,2,,20090414 ST4,,,70300.0,ppb
68,68,3,,20090513 BRO,,,75292.0,ppb
69,69,3,,20090612 BRO,,,80617.0,ppb
70,70,3,,20090513 AMD,,,64795.0,ppb
71,71,3,,20090513 FTM,,,81396.0,ppb
72,72,3,,20090612 FTM,,,81339.0,ppb
73,73,3,,20090513 TRN,,,48239.0,ppb
74,74,3,,20090612 TRN,,,53033.0,ppb
75,75,3,,20090513 POL,,,99860.0,ppb
76,76,3,,20090612 POL,,,100619.0,ppb
77,77,4,,20090513 SMP,,,59200.0,ppb
78,78,4,,20090715 SMP,,,69190.0,ppb
79,79,4,,20090822 SMP,,,78150.0,ppb
80,80,4,,20090922 SMP,,,79820.0,ppb
81,81,4,,20091021 SMP,,,73150.0,ppb
82,82,4,,20090822 BRO,,,76950.0,ppb
83,83,4,,20090922 BRO,,,76290.0,ppb
84,84,4,,20091021 BRO,,,76690.0,ppb
85,85,4,,20091021 AMD,,,69010.0,ppb
86,86,4,,20090822 ST1,,,67690.0,ppb
87,87,4,,20090922 ST1,,,67360.0,ppb
88,88,4,,20091021 ST1,,,58070.0,ppb
89,89,4,,20090715 ST2,,,74530.0,ppb
90,90,4,,20090822 ST2,,,76760.0,ppb
91,91,4,,20090922 ST2,,,76680.0,ppb
92,92,4,,20091021 ST2,,,76270.0,ppb
93,93,4,,20090715 FTM,,,79420.0,ppb
94,94,4,,20090822 FTM,,,80190.0,ppb
95,95,4,,20090922 FTM,,,75070.0,ppb
96,96,4,,20091021 FTM,,,80290.0,ppb
97,97,4,,20090715 TRN,,,49250.0,ppb
98,98,4,,20090822 TRN,,,51200.0,ppb
99,99,4,,20090922 TRN,,,52160.0,ppb
100,100,4,,20091021 TRN,,,53210.0,ppb
101,101,4,,20090715 POL,,,101760.0,ppb
102,102,4,,20090822 POL,,,102660.0,ppb
103,103,4,,20090922 POL,,,103140.0,ppb
104,104,4,,20091021 POL,,,99540.0,ppb
105,105,6,,20081216 FTM,,,79300.0,ppb
106,106,6,,20090218 FTM,,,70800.0,ppb
107,107,6,,20090414 FTM,,,70900.0,ppb
108,108,6,,20090822 FTM,,,81100.0,ppb
109,109,6,,20091021 FTM,,,78700.0,ppb
110,110,6,,20091124 FTM,,,80100.0,ppb
111,111,6,,20091222 FTM,,,80100.0,ppb
112,112,6,,20100126 FTM,,,73200.0,ppb
113,113,6,,20100302 FTM,,,78100.0,ppb
114,114,6,,20100406 FTM,,,80600.0,ppb
115,115,6,,20100504 FTM,,,77400.0,ppb
116,116,6,,20100608 FTM,,,79400.0,ppb
117,117,6,,20100713 FTM,,,73100.0,ppb
118,118,6,,20100817 FTM,,,79500.0,ppb
119,119,6,,20100928 FTM,,,82000.0,ppb
120,120,6,,20101026 FTM,,,80200.0,ppb
121,121,6,,20081021 ST1,,,56900.0,ppb
122,122,6,,20081216 ST1,,,46900.0,ppb
123,123,6,,20090414 ST1,,,44400.0,ppb
124,124,6,,20090822 ST1,,,66700.0,ppb
125,125,6,,20091021 ST1,,,58400.0,ppb
126,126,6,,20091124 ST1,,,56900.0,ppb
127,127,6,,20091222 ST1,,,54800.0,ppb
128,128,6,,20100126 ST1,,,55300.0,ppb
129,129,6,,20100302 ST1,,,48700.0,ppb
130,130,6,,20100504 ST1,,,36300.0,ppb
131,131,6,,20100608 ST1,,,42000.0,ppb
132,132,6,,20100713 ST1,,,39400.0,ppb
133,133,6,,20100817 ST1,,,41900.0,ppb
134,134,6,,20100928 ST1,,,34500.0,ppb
135,135,6,,20101026 ST1,,,60200.0,ppb
136,136,6,,20080923 ST2,,,80300.0,ppb
137,137,6,,20090113 ST2,,,80400.0,ppb
138,138,6,,20090317 ST2,,,75400.0,ppb
139,139,6,,20090715 ST2,,,75400.0,ppb
140,140,6,,20090922 ST2,,,77800.0,ppb
141,141,6,,20091124 ST2,,,78100.0,ppb
142,142,6,,20091222 ST2,,,76600.0,ppb
143,143,6,,20100126 ST2,,,74200.0,ppb
144,144,6,,20100302 ST2,,,75900.0,ppb
145,145,6,,20100406 ST2,,,77600.0,ppb
146,146,6,,20100504 ST2,,,77900.0,ppb
147,147,6,,20100608 ST2,,,76000.0,ppb
148,148,6,,20100713 ST2,,,75300.0,ppb
149,149,6,,20100817 ST2,,,79500.0,ppb
150,150,6,,20100928 ST2,,,77500.0,ppb
151,151,6,,20101026 ST2,,,78300.0,ppb
152,152,6,,20081118 ST4,,,80100.0,ppb
153,153,6,,20090317 ST4,,,74900.0,ppb
154,154,6,,20090317 SMP,,,62400.0,ppb
155,155,6,,20090715 SMP,,,68800.0,ppb
156,156,6,,20090922 SMP,,,78400.0,ppb
157,157,6,,20091124 SMP,,,69300.0,ppb
158,158,6,,20100126 SMP,,,65300.0,ppb
159,159,6,,20100817 SMP,,,64800.0,ppb
160,160,6,,20090822 BRO,,,78500.0,ppb
161,161,6,,20091021 BRO,,,77600.0,ppb
162,162,6,,20100504 BRO,,,77800.0,ppb
163,163,6,,20100608 BRO,,,78300.0,ppb
164,164,6,,20100713 BRO,,,76800.0,ppb
165,165,6,,20100817 BRO,,,78100.0,ppb
166,166,6,,20100928 BRO,,,77000.0,ppb
167,167,6,,20101026 BRO,,,77500.0,ppb
168,168,6,,20081118 TRN,,,53500.0,ppb
169,169,6,,20090113 TRN,,,46900.0,ppb
170,170,6,,20090317 TRN,,,40900.0,ppb
171,171,6,,20090715 TRN,,,50000.0,ppb
172,172,6,,20090922 TRN,,,52600.0,ppb
173,173,6,,20091124 TRN,,,55200.0,ppb
174,174,6,,20091222 TRN,,,50100.0,ppb
175,175,6,,20100126 TRN,,,46500.0,ppb
176,176,6,,20100302 TRN,,,43300.0,ppb
177,177,6,,20100406 TRN,,,42500.0,ppb
178,178,6,,20100504 TRN,,,41900.0,ppb
179,179,6,,20100608 TRN,,,48200.0,ppb
180,180,6,,20100713 TRN,,,48300.0,ppb
181,181,6,,20100817 TRN,,,48600.0,ppb
182,182,6,,20100928 TRN,,,49700.0,ppb
183,183,6,,20101026 TRN,,,50600.0,ppb
184,184,19,,20090218 SMP,,,61460.0,ppb
185,185,19,,20090317 SMP,,,62860.0,ppb
186,186,19,,20090414 SMP,,,68540.0,ppb
187,187,19,,20090612 SMP,,,70850.0,ppb
188,188,19,,20090113 ST1,,,33170.0,ppb
189,189,19,,20090218 ST1,,,35950.0,ppb
190,190,19,,20090414 ST1,,,45810.0,ppb
191,191,19,,20090513 ST1,,,51850.0,ppb
192,192,19,,20090612 ST1,,,44920.0,ppb
193,193,19,,20090715 ST1,,,41240.0,ppb
194,194,19,,20090218 ST2,,,77900.0,ppb
195,195,19,,20090317 ST2,,,76520.0,ppb
196,196,19,,20090513 ST2,,,75750.0,ppb
197,197,19,,20090612 ST2,,,77780.0,ppb
198,198,23,,20101123 ST2,,,78560.0,ppb
199,199,23,,20110222 POL,,,80180.0,ppb
200,200,23,,20110222 ST2,,,82560.0,ppb
201,201,23,,20110222 TRN,,,39200.0,ppb
202,202,23,,20110125 ST1,,,32590.0,ppb
203,203,23,,20110329 ST2,,,77020.0,ppb
204,204,23,,20100817 POL,,,85200.0,ppb
205,205,23,,20110222 ST1,,,57130.0,ppb
206,206,23,,20091021 TRN,,,53440.0,ppb
207,207,23,,20090612 TRN,,,49790.0,ppb
208,208,23,,20100126 POL,,,84450.0,ppb
209,209,23,,20090414 TRN,,,42290.0,ppb
210,210,23,,20100504 POL,,,89420.0,ppb
211,211,23,,20090513 TRN,,,45250.0,ppb
212,212,23,,20090218 TRN,,,41870.0,ppb
213,213,23,,20090612 POL,,,93400.0,ppb
214,214,23,,20101221 ST1,,,52490.0,ppb
215,215,23,,20080923 ST1,,,53810.0,ppb
216,216,23,,20090822 POL,,,96100.0,ppb
217,217,23,,20091021 ST2,,,78000.0,ppb
218,218,23,,20101221 ST2,,,78200.0,ppb
219,219,23,,20090218 POL,,,90900.0,ppb
220,220,23,,20110329 POL,,,92830.0,ppb
221,221,23,,20081216 TRN,,,50890.0,ppb
222,222,23,,20081021 TRN,,,54960.0,ppb
223,223,23,,20101123 POL,,,93680.0,ppb
224,224,23,,20101221 TRN,,,47920.0,ppb
225,225,23,,20090715 POL,,,101360.0,ppb
226,226,23,,20080923 TRN,,,50790.0,ppb
227,227,23,,20100302 POL,,,95530.0,ppb
228,228,23,,20090822 TRN,,,52180.0,ppb
229,229,23,,20090922 ST1,,,71910.0,ppb
230,230,23,,20091222 POL,,,94960.0,ppb
231,231,23,,20090513 ST2,,,79020.0,ppb
232,232,23,,20091021 POL,,,99040.0,ppb
233,233,23,,20081216 ST2,,,82900.0,ppb
234,234,23,,20090414 POL,,,97550.0,ppb
235,235,23,,20110125 POL,,,98940.0,ppb
236,236,23,,20101123 TRN,,,49780.0,ppb
237,237,23,,20091124 POL,,,92680.0,ppb
238,238,23,,20110125 TRN,,,43490.0,ppb
239,239,23,,20110426 POL,,,97510.0,ppb
240,240,23,,20101221 POL,,,95490.0,ppb
241,241,23,,20081118 ST2,,,82300.0,ppb
242,242,23,,20090822 ST2,,,80520.0,ppb
243,243,23,,20110329 ST1,,,51320.0,ppb
244,244,23,,20090317 POL,,,98890.0,ppb
245,245,23,,20090612 ST2,,,79080.0,ppb
246,246,23,,20090922 POL,,,107090.0,ppb
247,247,23,,20090513 POL,,,103970.0,ppb
248,248,23,,20090715 ST1,,,41400.0,ppb
249,249,24,,20100928 POL,,,97090.0,ppb
250,250,24,,20101123 BRO,,,77900.0,ppb
251,251,24,,20110524 ST1,,,52380.0,ppb
252,252,24,,20100504 POL,,,95600.0,ppb
253,253,24,,20090218 ST1,,,36200.0,ppb
254,254,24,,20110524 FTM,,,74340.0,ppb
255,255,24,,20110222 POL,,,93300.0,ppb
256,256,24,,20090922 FTM,,,77650.0,ppb
257,257,24,,20090317 BHL,,,82220.0,ppb
258,258,24,,20100126 POL,,,93640.0,ppb
259,259,24,,20091222 POL,,,92840.0,ppb
260,260,24,,20100302 BRO,,,78320.0,ppb
261,261,24,,20110222 FTM,,,74670.0,ppb
262,262,24,,20101221 POL,,,92690.0,ppb
263,263,24,,20110426 TRN,,,43310.0,ppb
264,264,24,,20101123 FTM,,,79160.0,ppb
265,265,24,,20090113 POL,,,96460.0,ppb
266,266,24,,20110125 FTM,,,75900.0,ppb
267,267,24,,20101221 SMP,,,65780.0,ppb
268,268,24,,20091021 POL,,,96570.0,ppb
269,269,24,,20090612 POL,,,98810.0,ppb
270,270,24,,20080923 FTM,,,84570.0,ppb
271,271,24,,20090715 POL,,,100700.0,ppb
272,272,24,,20081216 ST4,,,88850.0,ppb
273,273,24,,20080923 ST4,,,100190.0,ppb
274,274,24,,20090317 POL,,,96530.0,ppb
275,275,24,,20090612 SMP,,,71490.0,ppb
276,276,24,,20081118 ST1,,,54200.0,ppb
277,277,24,,20100406 POL,,,92220.0,ppb
278,278,24,,20110125 POL,,,96700.0,ppb
279,279,24,,20090218 SMP,,,62240.0,ppb
280,280,24,,20110524 ST2,,,78150.0,ppb
281,281,24,,20110329 POL,,,91680.0,ppb
282,282,24,,20081118 BHL,,,82590.0,ppb
283,283,24,,20101221 FTM,,,77520.0,ppb
284,284,24,,20100608 POL,,,99210.0,ppb
285,285,24,,20110329 TRN,,,39910.0,ppb
286,286,24,,20090513 ST1,,,52730.0,ppb
287,287,24,,20090822 POL,,,100830.0,ppb
288,288,24,,20100713 POL,,,100000.0,ppb
289,289,24,,20090113 ST1,,,34500.0,ppb
290,290,24,,20091222 BRO,,,82980.0,ppb
291,291,24,,20100817 POL,,,101500.0,ppb
292,292,24,,20090612 ST1,,,45650.0,ppb
293,293,24,,20090414 POL,,,96530.0,ppb
294,294,24,,20110222 SMP,,,63200.0,ppb
295,295,24,,20090414 ST4,,,77280.0,ppb
296,296,24,,20090513 POL,,,98610.0,ppb
297,297,24,,20101123 POL,,,97230.0,ppb
298,298,24,,20100126 BRO,,,77620.0,ppb
299,299,24,,20081021 BHL,,,81390.0,ppb
300,300,24,,20100302 POL,,,95280.0,ppb
301,301,24,,20110222 BRO,,,69270.0,ppb
302,302,24,,20110524 BRO,,,79000.0,ppb
303,303,24,,20090922 POL,,,104290.0,ppb
304,304,24,,20101123 ST1,,,62220.0,ppb
305,305,24,,20090513 FTM,,,83020.0,ppb
306,306,24,,20090218 POL,,,97850.0,ppb
307,307,24,,20101026 POL,,,102030.0,ppb
308,308,24,,20081021 SMP,,,74080.0,ppb
309,309,24,,20091021 SMP,,,77210.0,ppb
310,310,24,,20110426 POL,,,96150.0,ppb
311,311,24,,20090317 FTM,,,73510.0,ppb
312,312,24,,20090822 SMP,,,83000.0,ppb
313,313,24,,20110524 POL,,,98220.0,ppb
314,314,24,,20090113 BHL,,,80470.0,ppb
315,315,24,,20081021 ST4,,,83250.0,ppb
316,316,24,,20091124 POL,,,94510.0,ppb
317,317,24,,20080815 ST4,,,77670.0,ppb
318,318,24,,20090414 SMP,,,65890.0,ppb
319,319,24,,20110125 BRO,,,80540.0,ppb
320,320,24,,20090113 ST4,,,84960.0,ppb
321,321,24,,20101221 BRO,,,79220.0,ppb
322,322,24,,20081118 FTM,,,76960.0,ppb
323,323,24,,20090218 ST4,,,81710.0,ppb
324,324,24,,20091021 AMD,,,78560.0,ppb
325,325,24,,20090513 BRO,,,77380.0,ppb
326,326,24,,20110524 TRN,,,45630.0,ppb
327,327,24,,20090113 FTM,,,75590.0,ppb
328,328,24,,20090612 BRO,,,82320.0,ppb
329,329,24,,20081216 BHL,,,80960.0,ppb
330,330,24,,20090715 FTM,,,86160.0,ppb
331,331,24,,20090414 BHL,,,82550.0,ppb
332,332,24,,20090922 BRO,,,81250.0,ppb
333,333,24,,20110125 ST2,,,77410.0,ppb
334,334,24,,20100406 BRO,,,79730.0,ppb
335,335,24,,20090612 FTM,,,82620.0,ppb
336,336,24,,20090218 ST2,,,79270.0,ppb
337,337,24,,20080923 BHL,,,89650.0,ppb
338,338,24,,20081021 FTM,,,79360.0,ppb
339,339,24,,20080815 BHL,,,80320.0,ppb
340,340,24,,20090218 BHL,,,82440.0,ppb
341,341,24,,20090612 FTM,,,82290.0,ppb
342,342,25,,20091124 POL,,,100840.0,ppb
343,343,25,,20090922 POL,,,111380.0,ppb
344,344,25,,20090113 POL,,,107620.0,ppb
345,345,25,,20100713 POL,,,102630.0,ppb
346,346,25,,20101221 POL,,,99200.0,ppb
347,347,25,,20101123 POL,,,102740.0,ppb
348,348,25,,20090822 POL,,,107860.0,ppb
349,349,25,,20101026 POL,,,98860.0,ppb
350,350,25,,20100406 POL,,,94270.0,ppb
351,351,25,,20100817 POL,,,102620.0,ppb
352,352,25,,20090218 POL,,,101410.0,ppb
353,353,25,,20100302 POL,,,96810.0,ppb
354,354,25,,20090317 POL,,,98720.0,ppb
355,355,25,,20090414 POL,,,104270.0,ppb
356,356,25,,20100504 POL,,,99190.0,ppb
357,357,25,,20100608 POL,,,103500.0,ppb
358,358,25,,20090414 POL,,,101830.0,ppb
359,359,25,,20091222 POL,,,98890.0,ppb
360,360,25,,20091021 POL,,,105460.0,ppb
361,361,25,,20100126 POL,,,97240.0,ppb
362,362,25,,20110125 POL,,,99640.0,ppb
363,363,25,,20090715 POL,,,104990.0,ppb
364,364,25,,20090612 POL,,,101300.0,ppb
365,365,25,,20100928 POL,,,99800.0,ppb
366,366,25,,20090218 BHL,,,80250.0,ppb
367,367,25,,20110621 ST2,,,79830.0,ppb
368,368,25,,20110621 ST1,,,46230.0,ppb
369,369,25,,20110222 POL,,,98780.0,ppb
370,370,25,,20090317 SMP,,,65670.0,ppb
371,371,25,,20110830 FTM,,,48870.0,ppb
372,372,25,,20110621 TRN,,,50250.0,ppb
373,373,25,,20120124 ST2,,,85240.0,ppb
374,374,25,,20090715 FTM,,,85560.0,ppb
375,375,25,,20110426 FTM,,,78120.0,ppb
376,376,25,,20111122 FTM,,,86210.0,ppb
377,377,25,,20090218 POL,,,98950.0,ppb
378,378,25,,20110927 SMP,,,75180.0,ppb
379,379,25,,20111220 ST2,,,77250.0,ppb
380,380,25,,20090612 ST2,,,79760.0,ppb
381,381,25,,20080815 ST4,,,78080.0,ppb
382,382,25,,20090513 ST2,,,78410.0,ppb
383,383,25,,20091021 ST2,,,79800.0,ppb
384,384,25,,20110621 AMD,,,70150.0,ppb
385,385,25,,20081021 ST2,,,33220.0,ppb
386,386,25,,20110719 TRN,,,54490.0,ppb
387,387,25,,20110426 ST1,,,77640.0,ppb
388,388,25,,20090612 ST1,,,46330.0,ppb
389,389,25,,20110719 ST2,,,81390.0,ppb
390,390,25,,20120124 ST1,,,52070.0,ppb
391,391,25,,20091021 POL,,,103220.0,ppb
392,392,25,,20110524 ST2,,,81290.0,ppb
393,393,25,,20090922 ST1,,,72860.0,ppb
394,394,25,,20111220 POL,,,105850.0,ppb
395,395,25,,20111220 AMD,,,73480.0,ppb
396,396,25,,20110426 ST2,,,46060.0,ppb
397,397,25,,20110719 ST1,,,49470.0,ppb
398,398,25,,20090822 POL,,,104730.0,ppb
399,399,25,,20110830 ST2,,,64900.0,ppb
400,400,25,,20090612 BRO,,,82520.0,ppb
401,401,25,,20111220 BRO,,,79090.0,ppb
402,402,25,,20110830 BRO,,,77870.0,ppb
403,403,25,,20120124 BRO,,,73070.0,ppb
404,404,25,,20110719 BRO,,,79910.0,ppb
405,405,25,,20090922 BRO,,,80970.0,ppb
406,406,25,,20090822 BRO,,,81280.0,ppb
407,407,25,,20110621 BRO,,,78900.0,ppb
408,408,25,,20110329 BRO,,,78540.0,ppb
409,409,26,,20100817 POL,,,107440.0,ppb
410,410,26,,20110927 ST2,,,80450.0,ppb
411,411,26,,20081216 FTM,,,82660.0,ppb
412,412,26,,20110927 BRO,,,79040.0,ppb
413,413,26,,20111220 TRN,,,53280.0,ppb
414,414,26,,20090113 ST1,,,35840.0,ppb
415,415,26,,20090513 TRN,,,45640.0,ppb
416,416,26,,20110927 ST1,,,73030.0,ppb
417,417,26,,20090715 TRN,,,51350.0,ppb
418,418,26,,20110830 ST1,,,74980.0,ppb
419,419,26,,20110719 POL,,,109600.0,ppb
420,420,26,,20090218 ST4,,,80080.0,ppb
421,421,26,,20111122 ST1,,,46300.0,ppb
422,422,26,,20111220 ST1,,,50440.0,ppb
423,423,26,,20111025 ST1,,,55110.0,ppb
424,424,26,,20090218 ST2,,,79410.0,ppb
425,425,26,,20090922 POL,,,112560.0,ppb
426,426,26,,20110830 TRN,,,51140.0,ppb
427,427,26,,20120124 POL,,,108070.0,ppb
428,428,26,,20090414 BHL,,,81000.0,ppb
429,429,26,,20110621 POL,,,108840.0,ppb
430,430,26,,20110927 TRN,,,58830.0,ppb
431,431,26,,20110927 FTM,,,86700.0,ppb
432,432,26,,20090218 FTM,,,76910.0,ppb
433,433,26,,20120124 TRN,,,49840.0,ppb
434,434,26,,20081118 FTM,,,76770.0,ppb
435,435,26,,20090218 ST1,,,37360.0,ppb
436,436,26,,20110927 POL,,,108710.0,ppb
437,437,26,,20090822 TRN,,,53780.0,ppb
438,438,26,,20111122 TRN,,,60050.0,ppb
439,439,26,,20111025 POL,,,112890.0,ppb
440,440,26,,20091021 SMP,,,77040.0,ppb
441,441,26,,20110830 AMD,,,69980.0,ppb
442,442,26,,20120124 FTM,,,81270.0,ppb
443,443,26,,20090612 SMP,,,75740.0,ppb
444,444,26,,20090922 FTM,,,79180.0,ppb
445,445,26,,20081216 ST1,,,48920.0,ppb
446,446,26,,20090414 SMP,,,66170.0,ppb
447,447,26,,20080923 FTM,,,84960.0,ppb
448,448,26,,20090822 SMP,,,83380.0,ppb
449,449,26,,20110830 POL,,,107010.0,ppb
450,450,26,,20110719 FTM,,,76920.0,ppb
451,451,26,,20090612 FTM,,,85400.0,ppb
452,452,26,,20111122 BRO,,,81390.0,ppb
453,453,26,,20111220 FTM,,,81990.0,ppb
454,454,26,,20100928 FTM,,,86870.0,ppb
455,455,26,,20090513 FTM,,,83250.0,ppb
456,456,26,,20110426 BRO,,,79930.0,ppb
457,457,26,,20090612 POL,,,104860.0,ppb
458,458,26,,20111025 FTM,,,84410.0,ppb
459,459,26,,20110524 BRO,,,77460.0,ppb
460,460,26,,20110830 FTM,,,73260.0,ppb
461,461,26,,20090715 POL,,,103030.0,ppb
462,462,26,,20091021 BRO,,,79830.0,ppb
463,463,26,,20110621 FTM,,,70370.0,ppb
464,464,26,,20090113 BHL,,,80990.0,ppb
465,465,26,,20090513 ST1,,,51790.0,ppb
466,466,26,,20090822 ST2,,,77330.0,ppb
467,467,26,,20111025 BRO,,,79260.0,ppb
468,468,26,,20100504 POL,,,93930.0,ppb
469,469,26,,20090922 TRN,,,53440.0,ppb
470,470,26,,20111122 POL,,,103690.0,ppb
471,471,26,,20111025 TRN,,,60390.0,ppb
472,472,34,,20120228 TRN,,,43285.61,ppb
473,473,34,,20120327 TRN,,,40869.38,ppb
474,474,34,,20120423 TRN,,,41396.51,ppb
475,475,34,,20120522 TRN,,,43682.29,ppb
476,476,34,,20120629 TRN,,,49801.3,ppb
477,477,34,,20120731 TRN,,,49162.78,ppb
478,478,34,,20120828 TRN,,,48441.91,ppb
479,479,34,,20120925 TRN,,,50597.45,ppb
480,480,34,,20121023 TRN,,,53690.11,ppb
481,481,34,,20121120 TRN,,,52463.25,ppb
482,482,34,,20121222 TRN,,,46658.78,ppb
483,483,34,,20130116 TRN,,,44442.68,ppb
484,484,34,,20130319 TRN,,,38801.15,ppb
485,485,34,,20130423 TRN,,,40185.9,ppb
486,486,34,,20130521 TRN,,,46122.3,ppb
487,487,34,,20130626 TRN,,,46519.13,ppb
488,488,34,,20130730 TRN,,,48909.97,ppb
489,489,34,,20130827 TRN,,,48019.99,ppb
490,490,34,,20130924 TRN,,,47398.76,ppb
491,491,34,,20131022 TRN,,,51440.31,ppb
492,492,34,,20131119 TRN,,,48551.09,ppb
493,493,34,,20131217 TRN,,,9021.719,ppb
494,494,34,,20140121 TRN,,,42782.78,ppb
495,495,34,,20140217 TRN,,,7177.032,ppb
496,496,34,,20140318 TRN,,,40715.44,ppb
497,497,34,,20140423 TRN,,,41122.89,ppb
498,498,34,,20140523 TRN,,,44501.55,ppb
499,499,34,,20140617 TRN,,,48258.46,ppb
500,500,34,,20140818 TRN,,,49280.14,ppb
501,501,34,,20141031 TRN,,,53983.67,ppb
502,502,34,,20141129 TRN,,,50083.67,ppb
503,503,34,,20141230 TRN,,,47345.03,ppb
504,504,34,,20150131 TRN,,,44516.9,ppb
505,505,34,,20150228 TRN,,,39992.59,ppb
506,506,36,,20120228 ST1,,,42179.35,ppb
507,507,36,,20120327 ST1,,,28486.27,ppb
508,508,36,,20120522 ST1,,,36480.64,ppb
509,509,36,,20120731 ST1,,,36512.82,ppb
510,510,36,,20120828 ST1,,,58658.22,ppb
511,511,36,,20120925 ST1,,,63016.36,ppb
512,512,36,,20121023 ST1,,,55049.07,ppb
513,513,36,,20121120 ST1,,,46297.29,ppb
514,514,36,,20121222 ST1,,,37261.45,ppb
515,515,36,,20130319 ST1,,,27472.94,ppb
516,516,36,,20130521 ST1,,,29077.65,ppb
517,517,36,,20130626 ST1,,,30681.05,ppb
518,518,36,,20130730 ST1,,,52305.88,ppb
519,519,36,,20130924 ST1,,,58468.24,ppb
520,520,36,,20131022 ST1,,,64472.76,ppb
521,521,36,,20131119 ST1,,,54605.29,ppb
522,522,36,,20131217 ST1,,,40620.29,ppb
523,523,36,,20140121 ST1,,,29108.61,ppb
524,524,36,,20140217 ST1,,,39117.03,ppb
525,525,36,,20140318 ST1,,,37190.18,ppb
526,526,36,,20140617 ST1,,,56196.08,ppb
527,527,36,,20140818 ST1,,,57536.41,ppb
528,528,36,,20141031 ST1,,,57939.17,ppb
529,529,36,,20141129 ST1,,,46568.92,ppb
530,530,36,,20141230 ST1,,,35064.9,ppb
531,531,36,,20150131 ST1,,,48647.06,ppb
532,532,36,,20120228 FTM,,,76112.31,ppb
533,533,36,,20120327 FTM,,,72580.04,ppb
534,534,36,,20120423 FTM,,,70794.78,ppb
535,535,36,,20120522 FTM,,,72484.79,ppb
536,536,36,,20120629 FTM,,,79394.74,ppb
537,537,36,,20120731 FTM,,,83452.0,ppb
538,538,36,,20120828 FTM,,,76729.04,ppb
539,539,36,,20120925 FTM,,,75854.37,ppb
540,540,36,,20121023 FTM,,,73910.12,ppb
541,541,36,,20121120 FTM,,,74010.47,ppb
542,542,36,,20121222 FTM,,,74098.8,ppb
543,543,36,,20130116 FTM,,,76045.03,ppb
544,544,36,,20130319 FTM,,,72803.29,ppb
545,545,36,,20130423 FTM,,,77412.69,ppb
546,546,36,,20130521 FTM,,,75943.14,ppb
547,547,36,,20130626 FTM,,,76018.55,ppb
548,548,36,,20130730 FTM,,,80713.72,ppb
549,549,36,,20130827 FTM,,,79724.04,ppb
550,550,36,,20130924 FTM,,,79079.97,ppb
551,551,36,,20131022 FTM,,,81692.41,ppb
552,552,36,,20131119 FTM,,,79869.0,ppb
553,553,36,,20131217 FTM,,,75357.13,ppb
554,554,34,,20150129 A10,,,142849.99,ppb
555,555,34,,20150129 AG2A,,,75581.39,ppb
556,556,34,,20150129 D14,,,83629.24,ppb
557,557,34,,20150129 F02,,,79853.31,ppb
558,558,34,,20150129 M04,,,61429.95,ppb
559,559,34,,20150129 M18,,,80469.82,ppb
560,560,34,,20150129 Y02,,,89732.6,ppb
561,561,34,,20150129 Y07,,,101275.4,ppb
562,562,34,,20150129 Y15,,,63645.25,ppb
563,563,34,,20150129 Y23,,,92942.18,ppb
564,564,31,,20140131 A10,,,135755.29,ppb
565,565,31,,20140131 D14,,,91654.39,ppb
566,566,31,,20140131 F02,,,79658.45,ppb
567,567,31,,20140131 M04,,,64118.29,ppb
568,568,31,,20140131 M18,,,74870.39,ppb
569,569,31,,20140131 Y02,,,84484.31,ppb
570,570,31,,20140131 Y07,,,96192.0,ppb
571,571,31,,20140131 Y15,,,59062.53,ppb
572,572,31,,20140131 Y23,,,93941.25,ppb
573,573,31,,20141023 A10,,,138249.77,ppb
574,574,31,,20141023 AG2A,,,72629.25,ppb
575,575,31,,20141023 D14,,,84017.89,ppb
576,576,31,,20141023 F02,,,78625.41,ppb
577,577,31,,20141023 M04,,,65813.73,ppb
578,578,31,,20141023 M18,,,77467.89,ppb
579,579,31,,20141023 Y02,,,89257.85,ppb
580,580,31,,20141023 Y07,,,99414.12,ppb
581,581,31,,20141023 Y15,,,58949.68,ppb
582,582,31,,20141023 Y23,,,90312.21,ppb
583,583,47,,20131106 A10,,,92057.11,ppb
584,584,47,,20131106 AG2A,,,49255.56,ppb
585,585,47,,20131106 D14,,,56528.17,ppb
586,586,47,,20131106 F02,,,52943.83,ppb
587,587,47,,20131106 M04,,,46083.3,ppb
588,588,47,,20131106 M18,,,46668.97,ppb
589,589,47,,20131106 Y02,,,58885.3,ppb
590,590,47,,20131106 Y07,,,64648.86,ppb
591,591,47,,20131106 Y15,,,39874.19,ppb
592,592,47,,20131106 Y23,,,62019.46,ppb
593,593,31,,20140508 A10,,,138774.18,ppb
594,594,31,,20140508 AG2A,,,67926.31,ppb
595,595,31,,20140508 D14,,,78889.2,ppb
596,596,31,,20140508 F02,,,76872.84,ppb
597,597,31,,20140508 M04,,,67665.1,ppb
598,598,31,,20140508 M18,,,81222.94,ppb
599,599,31,,20140508 Y02,,,84883.69,ppb
600,600,31,,20140508 Y07,,,93325.61,ppb
601,601,31,,20140508 Y15,,,60807.2,ppb
602,602,31,,20140508 Y23,,,88771.7,ppb
603,603,31,,20140814 A10,,,140029.82,ppb
604,604,31,,20140814 AG2A,,,71183.02,ppb
605,605,31,,20140814 D14,,,81489.34,ppb
606,606,31,,20140814 F02,,,77655.67,ppb
607,607,31,,20140814 M04,,,67899.93,ppb
608,608,31,,20140814 M18,,,76089.22,ppb
609,609,31,,20140814 Y02,,,86032.64,ppb
610,610,31,,20140814 Y07,,,96258.03,ppb
611,611,31,,20140814 Y15,,,57475.55,ppb
612,612,31,,20140814 Y23,,,92088.67,ppb
613,613,52,,20150328 ST1,,,35396.12,ppb
614,614,52,,20130319 ST2,,,25972.42,ppb
615,615,52,,20131217 ST2,,,43567.27,ppb
616,616,52,,20150901 TRN,,,36432.74,ppb
617,617,52,,20130319 SMP,,,66428.03,ppb
618,618,52,,20130319 SMP,,,64215.14,ppb
619,619,52,,20130319 SMP,,,72959.63,ppb
620,620,52,,20130319 SMP,,,69028.08,ppb
621,621,52,,20130319 SMP,,,71839.32,ppb
622,622,52,,20150328 ST1,,,72083.45,ppb
623,623,52,,20150328 ST1,,,76380.12,ppb
624,624,52,,20120803 ST2,,,75030.75,ppb
625,625,52,,20120828 ST2,,,72495.02,ppb
626,626,52,,20120925 ST2,,,75905.73,ppb
627,627,52,,20121120 ST2,,,75447.43,ppb
628,628,52,,20121023 ST2,,,75240.36,ppb
629,629,52,,20121222 ST2,,,72825.25,ppb
630,630,52,,20130116 ST2,,,69772.92,ppb
631,631,52,,20130319 ST2,,,72568.62,ppb
632,632,52,,20140121 ST2,,,71115.93,ppb
633,633,52,,20130423 ST2,,,73634.54,ppb
634,634,52,,20130521 ST2,,,75165.59,ppb
635,635,52,,20130626 ST2,,,74917.24,ppb
636,636,52,,20130730 ST2,,,73980.34,ppb
637,637,52,,20130827 ST2,,,74425.48,ppb
638,638,52,,20130924 ST2,,,73278.08,ppb
639,639,52,,20131022 ST2,,,74066.67,ppb
640,640,52,,20131119 ST2,,,73806.04,ppb
641,641,52,,20131217 ST2,,,31931.61,ppb
642,642,52,,20140217 ST2,,,74693.03,ppb
643,643,52,,20140423 ST2,,,73027.64,ppb
644,644,52,,20140523 ST2,,,73282.7,ppb
645,645,52,,20140618 ST2,,,73939.87,ppb
646,646,52,,20150328 TRN,,,37813.02,ppb
647,647,52,,20150502 TRN,,,37051.48,ppb
648,648,52,,20150530 TRN,,,37324.95,ppb
649,649,52,,20150626 TRN,,,38374.03,ppb
650,650,52,,20150730 TRN,,,45746.37,ppb
651,651,52,,20150901 TRN,,,52581.25,ppb
652,652,52,,20150929 TRN,,,53217.27,ppb
653,653,52,,20151027 TRN,,,56081.05,ppb
654,654,52,,20151124 TRN,,,51570.01,ppb
655,655,52,,20151229 TRN,,,45090.47,ppb
656,656,52,,20120423 SMP,,,60222.38,ppb
657,657,52,,20120925 SMP,,,71726.5,ppb
658,658,52,,20121023 SMP,,,67472.78,ppb
659,659,52,,20121222 SMP,,,60424.61,ppb
660,660,52,,20130319 SMP,,,69011.38,ppb
661,661,53,,20091222 SMP,,,44872.24,ppb
662,662,53,,20100302 SMP,,,46450.75,ppb
663,663,53,,20100406 SMP,,,42537.86,ppb
664,664,53,,20100504 SMP,,,52736.07,ppb
665,665,53,,20100608 SMP,,,56288.55,ppb
666,666,53,,20100928 SMP,,,41067.53,ppb
667,667,53,,20101122 SMP,,,47087.46,ppb
668,668,53,,20120522 SMP,,,51193.7,ppb
669,669,53,,20120828 SMP,,,58905.65,ppb
670,670,53,,20121120 SMP,,,56854.33,ppb
671,671,53,,20130219 SMP,,,47679.09,ppb
672,672,53,,20130423 SMP,,,70219.16,ppb
673,673,53,,20130629 SMP,,,45659.87,ppb
674,674,53,,20130924 SMP,,,44272.7,ppb
675,675,53,,20131022 SMP,,,39595.39,ppb
676,676,53,,20141031 SMP,,,55989.78,ppb
677,677,53,,20141129 SMP,,,47911.45,ppb
678,678,53,,20141230 SMP,,,48736.53,ppb
679,679,53,,20150131 SMP,,,48493.56,ppb
680,680,53,,20150228 SMP,,,58253.29,ppb
681,681,53,,20150328 SMP,,,63869.0,ppb
682,682,53,,20150502 SMP,,,59866.55,ppb
683,683,53,,20150530 SMP,,,66710.53,ppb
684,684,53,,20150626 SMP,,,62453.97,ppb
685,685,53,,20150730 SMP,,,73410.29,ppb
686,686,53,,20150901 SMP,,,70823.08,ppb
687,687,53,,20130423 SMP,,,72503.56,ppb
688,688,53,,20130521 SMP,,,73394.83,ppb
689,689,53,,20130626 SMP,,,75808.98,ppb
690,690,53,,20130730 SMP,,,76431.83,ppb
691,691,53,,20130827 SMP,,,75912.99,ppb
692,692,53,,20131119 SMP,,,73799.2,ppb
693,693,53,,20131217 SMP,,,69287.4,ppb
694,694,53,,20140121 SMP,,,57443.6,ppb
695,695,53,,20140217 SMP,,,72244.47,ppb
696,696,53,,20140318 SMP,,,70714.96,ppb
697,697,53,,20140423 SMP,,,73174.63,ppb
698,698,53,,20140523 SMP,,,73200.21,ppb
699,699,53,,20140617 SMP,,,73955.22,ppb
700,700,53,,20140818 SMP,,,72412.18,ppb
701,701,53,,20140923 SMP,,,72411.43,ppb
702,702,53,,20141129 SMP,,,71011.26,ppb
703,703,53,,20150929 SMP,,,69530.6,ppb
704,704,53,,20151027 SMP,,,69684.16,ppb
705,705,53,,20151229 SMP,,,48291.02,ppb
706,706,53,,20140818 ST2,,,74168.89,ppb
707,707,53,,20140923 ST2,,,74024.41,ppb
708,708,53,,20141031 ST2,,,73965.22,ppb
