,idDripCollectionBottle,SampleName,InitialMass,FinalMass,DeployTime,CollectTime,Note
0,0,20080923 BHL,102.8,,2008-09-22 12:21:00,2008-09-23 11:16:00,Overflow
1,1,20080923 FTM,101.7,556.0,2008-09-22 12:47:00,2008-09-23 11:02:00,
2,2,20080923 ST1,35.8,159.0,2008-09-22 11:42:00,2008-09-23 10:25:00,
3,3,20080923 ST2,58.1,250.0,2008-09-22 11:43:00,2008-09-23 10:27:00,
4,4,20080923 ST4,102.6,352.6,2008-09-23 10:45:00,2008-09-23 11:08:00,Estimate
5,5,20080923 SMP,102.0,120.0,2008-09-22 12:04:00,2008-09-23 10:21:00,
6,6,20080923 TRN,102.0,,2008-09-22 13:10:00,2008-09-23 11:13:00,Overflow
7,7,20081021 BHL,102.8,,2008-10-20 11:55:00,2008-10-21 11:16:00,Overflow
8,8,20081021 FTM,101.7,491.5,2008-10-20 11:38:00,2008-10-21 11:05:00,
9,9,20081021 ST1,35.8,173.3,2008-10-20 11:11:00,2008-10-21 10:38:00,
10,10,20081021 ST2,58.1,218.4,2008-10-20 11:09:00,2008-10-21 10:36:00,
11,11,20081021 ST4,102.6,,2008-10-20 10:47:00,2008-10-20 12:38:00,Estimate
12,12,20081021 SMP,102.0,119.8,2008-10-20 11:24:00,2008-10-21 10:42:00,
13,13,20081021 TRN,102.0,,2008-10-20 12:22:00,2008-10-21 11:30:00,Overflow
14,14,20081118 BHL,102.8,,2008-11-17 10:47:00,2008-11-18 10:57:00,Overflow
15,15,20081118 FTM,101.7,563.6,2008-11-17 11:09:00,2008-11-18 10:48:00,
16,16,20081118 ST1,35.8,184.8,2008-11-17 10:30:00,2008-11-18 10:34:00,
17,17,20081118 ST2,58.1,203.8,2008-11-17 10:29:00,2008-11-18 10:34:00,
18,18,20081118 ST4,102.6,,2008-11-17 10:37:00,2008-11-18 10:29:00,Overflow
19,19,20081118 SMP,102.0,113.1,2008-11-17 10:26:00,2008-11-18 10:30:00,
20,20,20081118 TRN,102.0,,2008-11-17 10:57:00,2008-11-18 11:09:00,Overflow
21,21,20081216 BHL,102.8,,2008-12-15 11:28:00,2008-12-16 10:54:00,Overflow
22,22,20081216 FTM,101.7,296.8,2008-12-15 11:52:00,2008-12-16 10:22:00,
23,23,20081216 ST1,35.8,153.6,2008-12-15 11:09:00,2008-12-16 10:30:00,
24,24,20081216 ST2,58.1,191.0,2008-12-15 11:09:00,2008-12-16 10:30:00,
25,25,20081216 ST4,102.6,,2008-12-15 11:21:00,2008-12-16 11:40:00,Fell Over
26,26,20081216 TRN,102.0,,2008-12-15 11:39:00,2008-12-16 11:04:00,Overflow
27,27,20090113 BHL,102.8,,2009-01-12 12:00:00,2009-01-13 10:57:00,Overflow
28,28,20090113 FTM,101.7,462.1,2009-01-12 13:12:00,2009-01-13 11:20:00,
29,29,20090113 ST1,35.8,70.9,2009-01-12 11:39:00,2009-01-13 10:51:00,
30,30,20090113 ST2,58.1,176.1,2009-01-12 11:37:00,2009-01-13 10:32:00,
31,31,20090113 ST4,102.6,187.6,2009-01-13 10:22:00,2009-01-13 11:22:00,Fell over
32,32,20090113 SMP,102.0,112.8,2009-01-12 11:32:00,2009-01-13 10:35:00,
33,33,20090113 TRN,102.0,,2009-01-12 12:19:00,2009-01-13 11:14:00,Overflow
34,34,20090218 BHL,102.8,,2009-02-17 12:31:00,2009-02-18 10:46:00,Overflow
35,35,20090218 FTM,101.7,407.6,2009-02-17 13:19:00,2009-02-18 10:42:00,
36,36,20090218 ST1,35.8,72.0,2009-02-17 11:45:00,2009-02-18 10:11:00,
37,37,20090218 ST2,58.1,168.0,2009-02-17 11:45:00,2009-02-18 10:12:00,
38,38,20090218 ST4,102.6,571.6,2009-02-17 12:26:00,2009-02-18 10:10:00,
39,39,20090218 SMP,102.0,112.6,2009-02-17 12:09:00,2009-02-18 10:16:00,
40,40,20090218 TRN,102.0,,2009-02-17 13:08:00,2009-02-18 10:57:00,Overflow
41,41,20090317 BHL,102.8,,2009-03-16 11:34:00,2009-03-17 11:25:00,Overflow
42,42,20090317 FTM,101.7,371.1,2009-03-16 12:05:00,2009-03-17 11:26:00,
43,43,20090317 ST1,35.8,,2009-03-16 11:09:00,2009-03-17 12:45:00,Fell Over
44,44,20090317 ST2,58.1,167.2,2009-03-16 11:09:00,2009-03-17 11:02:00,
45,45,20090317 ST4,102.6,563.0,2009-03-16 11:26:00,2009-03-17 11:04:00,
46,46,20090317 SMP,102.0,114.1,2009-03-16 11:15:00,2009-03-17 11:11:00,
47,47,20090317 TRN,102.0,,2009-03-16 11:53:00,2009-03-17 11:34:00,Overflow
48,48,20090414 BHL,102.8,,2009-04-13 12:01:00,2009-04-14 11:08:00,Overflow
49,49,20090414 FTM,101.7,339.4,2009-04-13 12:23:00,2009-04-14 11:30:00,
50,50,20090414 ST1,35.8,103.2,2009-04-13 11:27:00,2009-04-14 10:44:00,
51,51,20090414 ST2,58.1,63.7,2009-04-14 10:40:00,2009-04-14 12:23:00,
52,52,20090414 ST4,102.6,497.6,2009-04-13 11:44:00,2009-04-14 10:30:00,
53,53,20090414 SMP,102.0,113.8,2009-04-13 11:33:00,2009-04-14 10:50:00,
54,54,20090414 TRN,102.0,,2009-04-13 12:06:00,2009-04-14 11:25:00,Overflow
55,55,20090513 AMD,67.08,75.2,2009-05-12 11:48:00,2009-05-13 13:16:00,
56,56,20090513 FTM,101.7,362.6,2009-05-12 10:42:00,2009-05-13 14:03:00,
57,57,20090513 ST1,35.8,134.8,2009-05-12 11:25:00,2009-05-13 13:38:00,
58,58,20090513 ST2,58.1,142.9,2009-05-12 11:18:00,2009-05-13 13:37:00,
59,59,20090513 SMP,102.0,114.2,2009-05-12 11:35:00,2009-05-13 13:14:00,
60,60,20090513 BRO,67.82,141.6,2009-05-12 11:44:00,2009-05-13 13:15:00,
61,61,20090513 TRN,102.8,,2009-05-12 12:22:00,2009-05-13 14:22:00,Overflow
62,62,20090612 AMD,67.08,70.3,2009-06-11 12:15:00,2009-06-12 10:33:00,
63,63,20090612 FTM,101.7,313.1,2009-06-11 12:31:00,2009-06-12 11:10:00,
64,64,20090612 ST1,35.8,79.3,2009-06-11 11:48:00,2009-06-12 10:19:00,
65,65,20090612 ST2,58.1,128.7,2009-06-11 11:48:00,2009-06-12 10:20:00,
66,66,20090612 SMP,102.0,114.0,2009-06-11 12:14:00,2009-06-12 10:31:00,
67,67,20090612 BRO,67.82,123.8,2009-06-11 12:14:00,2009-06-12 10:32:00,
68,68,20090612 TRN,102.8,,2009-06-11 12:46:00,2009-06-12 11:17:00,Overflow
69,69,20090715 AMD,67.1,69.4,2009-07-14 11:30:00,2009-07-15 11:41:00,
70,70,20090715 FTM,101.7,298.3,2009-07-14 12:26:00,2009-07-15 11:46:00,
71,71,20090715 ST1,35.8,86.3,2009-07-14 11:18:00,2009-07-15 11:34:00,
72,72,20090715 ST2,58.1,137.0,2009-07-14 11:04:00,2009-07-15 11:34:00,
73,73,20090715 SMP,102.0,123.1,2009-07-14 11:29:00,2009-07-15 11:40:00,
74,74,20090715 BRO,67.8,70.3,2009-07-14 11:29:00,2009-07-15 13:25:00,Fell over
75,75,20090715 TRN,102.0,,2009-07-14 12:12:00,2009-07-15 11:59:00,Overflow
76,76,20090822 AMD,67.1,,2009-08-21 12:03:00,2009-08-22 12:05:00,Fell Over
77,77,20090822 FTM,101.7,586.6,2009-08-21 13:21:00,2009-08-22 11:12:00,
78,78,20090822 ST1,35.8,146.4,2009-08-21 12:18:00,2009-08-22 10:40:00,
79,79,20090822 ST2,58.1,131.5,2009-08-21 12:19:00,2009-08-22 10:40:00,
80,80,20090822 SMP,102.0,122.2,2009-08-21 12:12:00,2009-08-22 10:48:00,
81,81,20090822 BRO,67.8,145.7,2009-08-21 12:13:00,2009-08-22 10:48:00,
82,82,20090822 TRN,102.0,,2009-08-21 12:45:00,2009-08-22 11:15:00,Overflow
83,83,20090922 AMD,67.1,70.3,2009-09-21 11:11:00,2009-09-22 12:35:00,
84,84,20090922 FTM,101.7,478.8,2009-09-21 12:06:00,2009-09-22 12:50:00,
85,85,20090922 ST1,35.8,263.0,2009-09-21 11:31:00,2009-09-22 12:41:00,
86,86,20090922 ST2,58.1,200.7,2009-09-21 11:24:00,2009-09-22 12:40:00,
87,87,20090922 SMP,102.0,126.8,2009-09-21 11:13:00,2009-09-22 12:33:00,
88,88,20090922 BRO,67.8,162.0,2009-09-21 11:07:00,2009-09-22 12:34:00,
89,89,20090922 TRN,102.0,,2009-09-21 11:48:00,2009-09-22 13:00:00,Overflow
90,90,20091021 AMD,67.1,75.1,2009-10-19 11:06:00,2009-10-21 11:35:00,
91,91,20091021 FTM,101.7,897.4,2009-10-19 12:03:00,2009-10-21 11:48:00,
92,92,20091021 ST1,35.8,,2009-10-19 11:32:00,2009-10-21 11:41:00,Overflow
93,93,20091021 ST2,58.1,306.9,2009-10-19 11:22:00,2009-10-21 11:39:00,
94,94,20091021 SMP,102.0,127.3,2009-10-19 11:07:00,2009-10-21 11:34:00,
95,95,20091021 BRO,67.8,80.2,2009-10-19 11:06:00,2009-10-21 11:34:00,
96,96,20091021 TRN,102.0,,2009-10-19 11:53:00,2009-10-21 11:59:00,Overflow
97,97,20091124 AMD,67.1,67.5,2009-11-23 11:24:00,2009-11-24 13:05:00,Fell Over
98,98,20091124 FTM,101.7,367.8,2009-11-23 11:16:00,2009-11-24 11:28:00,
99,99,20091124 ST1,35.8,206.7,2009-11-23 10:31:00,2009-11-24 11:24:00,
100,100,20091124 ST2,58.1,170.2,2009-11-23 10:36:00,2009-11-24 11:23:00,
101,101,20091124 SMP,102.0,123.5,2009-11-23 10:13:00,2009-11-24 11:19:00,
102,102,20091124 BRO,67.8,77.6,2009-11-23 10:20:00,2009-11-24 13:05:00,Fell Over
103,103,20091124 TRN,102.0,,2009-11-23 10:58:00,2009-11-24 11:40:00,Overflow
104,104,20091222 AMD,67.1,70.2,2009-12-21 12:08:00,2009-12-22 10:42:00,
105,105,20091222 FTM,101.7,311.7,2009-12-21 13:05:00,2009-12-22 10:47:00,
106,106,20091222 ST1,35.8,219.5,2009-12-21 12:34:00,2009-12-22 10:40:00,
107,107,20091222 ST2,58.1,154.3,2009-12-21 12:34:00,2009-12-22 10:40:00,
108,108,20091222 SMP,102.0,112.0,2009-12-21 12:14:00,2009-12-22 10:42:00,
109,109,20091222 BRO,67.8,145.6,2009-12-21 12:20:00,2009-12-22 10:42:00,
110,110,20091222 TRN,102.0,,2009-12-21 12:49:00,2009-12-22 12:00:00,Fell Over
111,111,20100126 AMD,67.1,69.6,2010-01-25 12:13:00,2010-01-26 11:43:00,
112,112,20100126 FTM,101.7,311.9,2010-01-25 13:16:00,2010-01-26 11:51:00,
113,113,20100126 ST1,35.8,201.7,2010-01-25 12:25:00,2010-01-26 11:40:00,
114,114,20100126 ST2,58.1,83.9,2010-01-25 12:54:00,2010-01-26 11:29:00,
115,115,20100126 SMP,102.0,120.9,2010-01-25 12:11:00,2010-01-26 11:41:00,
116,116,20100126 BRO,67.8,150.3,2010-01-25 12:10:00,2010-01-26 11:43:00,
117,117,20100126 TRN,102.0,,2010-01-25 13:53:00,2010-01-26 12:34:00,Overflow
118,118,20100302 AMD,67.1,72.6,2010-03-01 11:23:00,2010-03-02 10:58:00,
119,119,20100302 FTM,101.7,545.6,2010-03-01 13:00:00,2010-03-02 12:05:00,
120,120,20100302 ST1,35.8,156.0,2010-03-01 11:36:00,2010-03-02 10:54:00,
121,121,20100302 ST2,58.1,143.2,2010-03-01 11:34:00,2010-03-02 10:54:00,
122,122,20100302 SMP,102.0,111.1,2010-03-01 11:14:00,2010-03-02 10:59:00,
123,123,20100302 BRO,67.8,149.4,2010-03-01 11:24:00,2010-03-02 10:59:00,
124,124,20100302 TRN,102.0,,2010-03-01 13:00:00,2010-03-02 11:29:00,Overflow
125,125,20100406 AMD,67.1,70.1,2010-04-05 10:26:00,2010-04-06 10:41:00,
126,126,20100406 FTM,101.7,500.2,2010-04-05 11:40:00,2010-04-06 11:24:00,
127,127,20100406 ST1,35.8,36.3,2010-04-05 10:35:00,2010-04-06 11:00:00,Estimate
128,128,20100406 ST2,58.1,133.0,2010-04-05 11:43:00,2010-04-06 10:59:00,
129,129,20100406 SMP,102.0,118.1,2010-04-05 10:25:00,2010-04-06 10:39:00,
130,130,20100406 BRO,67.8,141.2,2010-04-05 10:24:00,2010-04-06 10:40:00,
131,131,20100406 TRN,102.0,,2010-04-05 11:30:00,2010-04-06 11:24:00,Fell Over
132,132,20100504 AMD,67.1,69.4,2010-05-03 10:51:00,2010-05-04 09:35:00,
133,133,20100504 FTM,101.7,374.3,2010-05-03 11:50:00,2010-05-04 09:40:00,
134,134,20100504 ST1,35.8,85.2,2010-05-03 10:25:00,2010-05-04 09:31:00,
135,135,20100504 ST2,58.1,133.6,2010-05-03 10:21:00,2010-05-04 09:30:00,
136,136,20100504 SMP,102.0,106.2,2010-05-03 10:34:00,2010-05-04 09:34:00,
137,137,20100504 BRO,67.8,141.0,2010-05-03 10:49:00,2010-05-04 09:35:00,
138,138,20100504 TRN,102.0,,2010-05-03 11:34:00,2010-05-04 10:55:00,Overflow
139,139,20100608 AMD,67.1,69.7,2010-06-07 09:42:00,2010-06-08 09:10:00,
140,140,20100608 FTM,101.7,232.5,2010-06-07 10:50:00,2010-06-08 09:19:00,
141,141,20100608 ST1,35.8,96.79,2010-06-07 10:10:00,2010-06-08 09:05:00,
142,142,20100608 ST2,58.1,131.5,2010-06-07 10:12:00,2010-06-08 09:06:00,
143,143,20100608 SMP,102.0,108.4,2010-06-07 09:41:00,2010-06-08 09:10:00,
144,144,20100608 BRO,67.8,138.5,2010-06-07 09:42:00,2010-06-08 09:10:00,
145,145,20100608 TRN,102.0,,2010-06-07 10:34:00,2010-06-08 09:19:00,Overflow
146,146,20100713 AMD,67.1,68.9,2010-07-12 11:27:00,2010-07-13 09:51:00,
147,147,20100713 FTM,101.7,261.5,2010-07-12 12:35:00,2010-07-13 10:01:00,
148,148,20100713 ST1,35.8,88.3,2010-07-12 11:50:00,2010-07-13 09:49:00,
149,149,20100713 ST2,58.1,126.0,2010-07-12 11:50:00,2010-07-13 09:49:00,
150,150,20100713 SMP,102.0,103.9,2010-07-12 11:26:00,2010-07-13 09:50:00,
151,151,20100713 BRO,67.8,132.4,2010-07-12 11:27:00,2010-07-13 09:50:00,
152,152,20100713 TRN,102.0,,2010-07-12 12:13:00,2010-07-13 10:41:00,Overflow
153,153,20100817 AMD,67.1,69.0,2010-08-16 10:38:00,2010-08-17 09:50:00,
154,154,20100817 FTM,101.7,311.2,2010-08-16 11:58:00,2010-08-17 10:00:00,
155,155,20100817 ST1,35.8,93.2,2010-08-16 11:12:00,2010-08-17 09:47:00,
156,156,20100817 ST2,58.1,127.1,2010-08-16 11:14:00,2010-08-17 09:47:00,
157,157,20100817 SMP,102.0,114.4,2010-08-16 10:39:00,2010-08-17 09:50:00,
158,158,20100817 BRO,67.8,132.5,2010-08-16 10:39:00,2010-08-17 09:50:00,
159,159,20100817 TRN,102.0,,2010-08-16 11:39:00,2010-08-17 10:00:00,Overflow
160,160,20100928 AMD,67.1,68.8,2010-09-27 13:05:00,2010-09-28 09:40:00,
161,161,20100928 FTM,101.7,233.8,2010-09-27 14:08:00,2010-09-28 09:43:00,
162,162,20100928 ST1,35.8,65.7,2010-09-27 12:44:00,2010-09-28 09:36:00,
163,163,20101026 ST2,58.1,116.6,2010-10-25 13:06:00,2010-10-26 09:30:00,
164,164,20100928 SMP,102.0,104.1,2010-09-27 13:03:00,2010-09-28 09:38:00,
165,165,20100928 BRO,67.8,122.9,2010-09-27 13:05:00,2010-09-28 09:39:00,
166,166,20100928 TRN,102.0,,2010-09-27 13:52:00,2010-09-28 10:58:00,Overflow
167,167,20101026 AMD,67.1,68.8,2010-10-25 13:14:00,2010-10-26 09:28:00,
168,168,20101026 FTM,101.7,254.6,2010-10-25 13:31:00,2010-10-26 10:42:00,
169,169,20101026 ST1,35.8,151.8,2010-10-25 13:13:00,2010-10-26 09:28:00,
170,170,20101026 ST2,58.1,116.1,2010-10-25 13:45:00,2010-10-26 09:35:00,
171,171,20101026 SMP,102.0,103.1,2010-10-25 13:03:00,2010-10-26 09:30:00,
172,172,20101026 BRO,67.8,126.4,2010-10-25 13:05:00,2010-10-26 09:30:00,
173,173,20101026 TRN,102.0,,2010-10-25 13:31:00,2010-10-26 10:42:00,Overflow
174,174,20101123 AMD,67.08,70.6,2010-11-22 10:28:00,2010-11-23 09:37:00,
175,175,20101123 FTM,101.7,528.2,2010-11-22 11:58:00,2010-11-23 09:30:00,
176,176,20101123 ST1,35.8,197.0,2010-11-22 10:52:00,2010-11-23 09:34:00,
177,177,20101123 ST2,58.1,157.9,2010-11-22 11:00:00,2010-11-23 09:34:00,
178,178,20101123 SMP,102.0,,2010-11-22 10:27:00,2010-11-23 09:36:00,
179,179,20101123 BRO,67.82,117.0,2010-11-22 10:29:00,2010-11-23 09:37:00,
180,180,20101123 TRN,102.0,193.1,2010-11-23 10:35:00,2010-11-23 11:32:00,
181,181,20101221 AMD,67.08,69.5,2010-12-20 09:30:00,2010-12-21 09:46:00,
182,182,20101221 FTM,101.7,507.8,2010-12-20 10:32:00,2010-12-21 09:55:00,
183,183,20101221 ST1,35.8,194.0,2010-12-20 10:34:00,2010-12-21 09:48:00,
184,184,20101221 ST2,58.1,149.1,2010-12-20 10:35:00,2010-12-21 09:48:00,
185,185,20101221 SMP,102.0,112.7,2010-12-20 09:28:00,2010-12-21 09:46:00,
186,186,20101221 BRO,67.82,148.9,2010-12-20 10:37:00,2010-12-21 09:46:00,
187,187,20101221 TRN,102.0,171.6,2010-12-21 10:23:00,2010-12-21 11:05:00,
188,188,20110125 AMD,67.1,68.6,2011-01-24 09:04:00,2011-01-25 10:15:00,
189,189,20110125 FTM,101.7,466.0,2011-01-24 10:03:00,2011-01-25 10:52:00,
190,190,20110125 ST1,35.8,82.3,2011-01-24 09:21:00,2011-01-25 10:05:00,
191,191,20110125 ST2,58.1,133.0,2011-01-24 09:22:00,2011-01-25 10:00:00,
192,192,20110125 SMP,102.0,102.7,2011-01-24 09:03:00,2011-01-25 10:13:00,
193,193,20110125 BRO,67.8,140.5,2011-01-24 09:03:00,2011-01-25 10:14:00,
194,194,20110125 TRN,102.0,,2011-01-24 09:49:00,2011-01-25 11:09:00,
195,195,20110222 AMD,67.1,74.1,2011-02-21 08:56:00,2011-02-22 09:05:00,
196,196,20110222 FTM,101.7,502.6,2011-02-21 09:35:00,2011-02-22 09:08:00,
197,197,20110222 ST1,35.8,196.3,2011-02-21 09:12:00,2011-02-22 09:02:00,
198,198,20110222 ST2,58.1,138.5,2011-02-21 09:13:00,2011-02-22 09:02:00,
199,199,20110222 SMP,102.0,118.5,2011-02-21 08:53:00,2011-02-22 09:03:00,
200,200,20110222 BRO,67.8,145.4,2011-02-21 08:54:00,2011-02-22 09:04:00,
201,201,20110222 TRN,102.0,178.1,2011-02-22 09:40:00,2011-02-22 10:21:00,
202,202,20110329 AMD,67.1,70.5,2011-03-28 09:42:00,2011-03-29 10:45:00,
203,203,20110329 FTM,101.7,540.8,2011-03-28 10:31:00,2011-03-29 10:50:00,
204,204,20110329 ST1,35.8,151.9,2011-03-28 10:01:00,2011-03-29 10:39:00,
205,205,20110329 ST2,58.1,141.1,2011-03-28 10:00:00,2011-03-29 10:40:00,
206,206,20110329 SMP,102.0,104.3,2011-03-28 09:41:00,2011-03-29 10:43:00,
207,207,20110329 BRO,67.8,139.8,2011-03-28 09:42:00,2011-03-29 10:44:00,
208,208,20110329 TRN,102.0,154.0,2011-03-29 00:04:00,2011-03-29 00:30:00,
209,209,20110426 AMD,67.1,69.8,2011-04-25 09:26:00,2011-04-26 08:55:00,
210,210,20110426 FTM,101.7,521.1,2011-04-25 10:15:00,2011-04-26 09:02:00,
211,211,20110426 ST1,35.8,108.8,2011-04-25 09:39:00,2011-04-26 08:53:00,
212,212,20110426 ST2,58.1,114.4,2011-04-25 10:02:00,2011-04-26 08:53:00,
213,213,20110426 SMP,102.0,102.9,2011-04-25 09:25:00,2011-04-26 08:55:00,
214,214,20110426 BRO,67.8,137.9,2011-04-25 09:21:00,2011-04-26 08:55:00,
215,215,20110426 TRN,102.0,122.9,2011-04-26 10:04:00,2011-04-26 10:15:00,
216,216,20110524 AMD,67.1,69.5,2011-05-23 09:11:00,2011-05-24 09:23:00,
217,217,20110524 FTM,101.7,532.0,2011-05-23 09:02:00,2011-05-24 09:29:00,
218,218,20110524 ST1,35.8,158.4,2011-05-23 09:19:00,2011-05-24 09:20:00,
219,219,20110524 ST2,58.1,137.2,2011-05-23 09:18:00,2011-05-24 09:20:00,
220,220,20110524 SMP,102.0,103.0,2011-05-23 09:06:00,2011-05-24 09:22:00,
221,221,20110524 BRO,67.8,142.3,2011-05-23 09:08:00,2011-05-24 09:22:00,
222,222,20110524 TRN,102.0,140.5,2011-05-24 09:53:00,2011-05-24 10:10:00,
223,223,20110621 AMD,67.1,86.8,2011-06-20 11:13:00,2011-06-21 09:15:00,
224,224,20110621 FTM,101.7,328.2,2011-06-20 11:25:00,2011-06-21 09:22:00,
225,225,20110621 ST1,35.8,99.9,2011-06-20 11:19:00,2011-06-21 09:12:00,
226,226,20110621 ST2,58.1,127.8,2011-06-20 11:18:00,2011-06-21 09:12:00,
227,227,20110621 SMP,102.0,102.7,2011-06-20 11:11:00,2011-06-21 09:15:00,
228,228,20110621 BRO,67.8,91.8,2011-06-20 11:12:00,2011-06-21 09:15:00,
229,229,20110621 TRN,102.0,113.4,2011-06-21 10:49:00,2011-06-21 10:54:00,
230,230,20110719 AMD,67.1,76.8,2011-07-18 11:16:00,2011-07-19 09:18:00,
231,231,20110719 FTM,101.7,373.9,2011-07-18 11:26:00,2011-07-19 09:27:00,
232,232,20110719 ST1,35.8,102.2,2011-07-18 11:19:00,2011-07-19 09:21:00,
233,233,20110719 ST2,58.1,124.4,2011-07-18 11:20:00,2011-07-19 09:20:00,
234,234,20110719 SMP,102.0,102.7,2011-07-18 11:15:00,2011-07-19 09:17:00,
235,235,20110719 BRO,67.8,132.7,2011-07-18 11:16:00,2011-07-19 09:17:00,
236,236,20110719 TRN,102.0,117.9,2011-07-19 10:36:00,2011-07-19 10:46:00,
237,237,20110830 AMD,67.1,78.4,2011-08-29 11:20:00,2011-08-30 09:02:00,
238,238,20110830 FTM,101.7,534.3,2011-08-29 11:29:00,2011-08-30 09:10:00,
239,239,20110830 ST1,35.8,238.3,2011-08-29 11:19:00,2011-08-30 09:05:00,
240,240,20110830 ST2,58.1,143.5,2011-08-29 11:20:00,2011-08-30 09:06:00,
241,241,20110830 SMP,102.0,103.5,2011-08-29 11:18:00,2011-08-30 09:00:00,
242,242,20110830 BRO,67.8,141.1,2011-08-29 11:19:00,2011-08-30 09:01:00,
243,243,20110830 TRN,102.0,152.9,2011-08-30 10:17:00,2011-08-30 10:51:00,
244,244,20110927 AMD,67.1,75.9,2011-09-26 10:23:00,2011-09-27 08:32:00,
245,245,20110927 FTM,101.7,514.9,2011-09-26 10:32:00,2011-09-27 08:53:00,
246,246,20110927 ST1,35.8,,2011-09-26 10:26:00,2011-09-27 08:32:00,Overflow
247,247,20110927 ST2,58.1,148.4,2011-09-26 10:27:00,2011-09-27 08:31:00,
248,248,20110927 SMP,102.0,113.3,2011-09-26 10:21:00,2011-09-27 08:31:00,
249,249,20110927 BRO,67.8,102.5,2011-09-26 10:22:00,2011-09-27 08:32:00,
250,250,20110927 TRN,102.0,118.8,2011-09-27 10:17:00,2011-09-27 10:22:00,
251,251,20111025 FTM,101.7,544.7,2011-10-24 11:21:00,2011-10-25 08:45:00,
252,252,20111025 ST1,35.8,154.9,2011-10-24 11:12:00,2011-10-25 08:41:00,
253,253,20111025 ST2,58.1,59.6,2011-10-24 11:11:00,2011-10-25 08:40:00,Misplaced
254,254,20111025 SMP,102.0,107.3,2011-10-24 11:04:00,2011-10-25 08:36:00,
255,255,20111025 BRO,67.8,128.1,2011-10-24 11:05:00,2011-10-25 08:37:00,
256,256,20111025 TRN,91.4,180.4,2011-10-25 10:20:00,2011-10-25 10:35:00,
257,257,20111122 AMD,67.1,71.7,2011-11-21 11:46:00,2011-11-22 08:53:00,
258,258,20111122 FTM,101.7,564.8,2011-11-21 12:00:00,2011-11-22 09:04:00,
259,259,20111122 ST1,35.8,107.9,2011-11-21 11:50:00,2011-11-22 08:55:00,
260,260,20111122 ST2,58.1,,2011-11-22 08:55:00,2011-11-22 11:12:00,Misplaced
261,261,20111122 SMP,102.0,111.5,2011-11-21 10:14:00,2011-11-22 08:51:00,
262,262,20111122 BRO,67.8,138.7,2011-11-21 11:45:00,2011-11-22 08:52:00,
263,263,20111122 TRN,91.4,249.0,2011-11-22 10:06:00,2011-11-22 10:26:00,
264,264,20111220 AMD,67.1,119.6,2011-12-19 11:40:00,2011-12-20 09:16:00,
265,265,20111220 FTM,101.7,534.6,2011-12-19 12:04:00,2011-12-20 09:22:00,
266,266,20111220 ST1,35.8,178.6,2011-12-19 11:46:00,2011-12-20 09:18:00,
267,267,20111220 ST2,58.1,131.0,2011-12-19 11:49:00,2011-12-20 09:19:00,
268,268,20111220 SMP,102.0,113.3,2011-12-19 11:37:00,2011-12-20 09:15:00,
269,269,20111220 BRO,67.8,139.2,2011-12-19 11:38:00,2011-12-20 09:15:00,
270,270,20111220 TRN,91.4,193.7,2011-12-20 10:24:00,2011-12-20 10:44:00,
271,271,20120124 AMD,67.1,79.7,2012-01-23 10:50:00,2012-01-24 09:25:00,
272,272,20120124 FTM,101.7,547.8,2012-01-23 11:15:00,2012-01-24 09:55:00,
273,273,20120124 ST1,35.8,174.9,2012-01-23 10:59:00,2012-01-24 09:25:00,
274,274,20120124 ST2,58.1,131.4,2012-01-23 11:01:00,2012-01-24 09:32:00,
275,275,20120124 SMP,102.0,102.3,2012-01-23 10:48:00,2012-01-24 09:21:00,No sample
276,276,20120124 BRO,67.8,139.3,2012-01-23 10:49:00,2012-01-24 09:24:00,
277,277,20120124 TRN,91.4,181.2,2012-01-24 10:10:00,2012-01-24 10:30:00,
278,278,20120228 AMD,67.1,70.5,2012-02-27 11:23:00,2012-02-28 09:58:00,
279,279,20120228 FTM,101.7,498.2,2012-02-27 11:33:00,2012-02-28 10:32:00,
280,280,20120228 ST1,35.8,139.0,2012-02-27 11:28:00,2012-02-28 10:12:00,
281,281,20120228 ST2,58.1,131.6,2012-02-27 11:27:00,2012-02-28 10:14:00,
282,282,20120228 SMP,102.0,109.0,2012-02-27 11:25:00,2012-02-28 09:57:00,
283,283,20120228 BRO,67.8,138.7,2012-02-27 11:24:00,2012-02-28 09:58:00,
284,284,20120228 TRN,103.0,173.8,2012-02-28 11:11:00,2012-02-28 11:31:00,
285,285,20120327 AMD,67.1,70.5,2012-03-26 11:21:00,2012-03-27 10:14:00,
286,286,20120327 FTM,101.7,401.0,2012-03-26 11:42:00,2012-03-27 09:55:00,
287,287,20120327 ST1,35.8,49.1,2012-03-26 11:26:00,2012-03-27 10:25:00,
288,288,20120327 ST2,58.1,122.2,2012-03-26 11:25:00,2012-03-27 10:27:00,
289,289,20120327 SMP,102.0,103.0,2012-03-26 11:19:00,2012-03-27 10:11:00,No Sample
290,290,20120327 BRO,67.8,70.1,2012-03-26 09:50:00,2012-03-27 10:13:00,
291,291,20120327 TRN,0.0,0.0,2012-03-26 11:06:00,2012-03-27 11:04:00,
292,292,20120423 AMD,67.1,69.6,2012-04-23 11:26:00,2012-04-24 09:42:00,
293,293,20120423 FTM,101.7,367.6,2012-04-23 11:50:00,2012-04-24 09:23:00,
294,294,20120423 ST1,35.8,36.5,2012-04-23 11:32:00,2012-04-24 09:54:00,
295,295,20120423 ST2,58.1,120.0,2012-04-23 11:33:00,2012-04-24 09:57:00,
296,296,20120423 SMP,102.0,111.5,2012-04-23 11:40:00,2012-04-24 09:40:00,No sample
297,297,20120423 BRO,67.8,132.3,2012-04-23 11:24:00,2012-04-24 09:41:00,
298,298,20130423 TRN,103.3,185.8,2013-04-24 10:54:00,2013-04-24 11:19:00,
299,299,20120522 AMD,67.5,78.55,2012-05-21 11:22:00,2012-05-22 09:32:00,
300,300,20120522 FTM,101.7,335.4,2012-05-21 10:38:00,2012-05-22 09:59:00,
301,301,20120522 ST1,35.8,67.5,2012-05-21 11:29:00,2012-05-22 09:48:00,
302,302,20120522 ST2,58.0,113.6,2012-05-21 11:31:00,2012-05-22 09:34:00,
303,303,20120522 SMP,102.3,107.0,2012-05-21 11:20:00,2012-05-22 09:31:00,
304,304,20120522 BRO,68.1,129.8,2012-05-21 11:19:00,2012-05-22 09:32:00,
305,305,20120522 TRN,103.2,164.8,2012-05-22 10:53:00,2012-05-22 10:15:00,
306,306,20120629 AMD,67.5,75.1,2012-06-28 11:35:00,2012-06-29 09:45:00,
307,307,20120629 FTM,101.7,323.6,2012-06-28 11:44:00,2012-06-29 10:07:00,
308,308,20120629 ST1,35.8,36.3,2012-06-28 11:33:00,2012-06-29 09:54:00,No Sample
309,309,20120629 ST2,58.0,120.8,2012-06-28 11:30:00,2012-06-29 09:58:00,
310,310,20120629 SMP,102.3,104.4,2012-06-28 11:29:00,2012-06-29 09:43:00,No Sample
311,311,20120629 BRO,68.1,59.1,2012-06-28 11:33:00,2012-06-29 09:45:00,No Sample
312,312,20120629 TRN,102.6,155.0,2012-06-29 10:52:00,2012-06-29 11:12:00,
313,313,20120731 AMD,67.5,70.0,2012-08-02 11:56:00,2012-08-03 09:44:00,
314,314,20120731 FTM,101.7,290.8,2012-08-02 12:06:00,2012-08-03 09:26:00,
315,315,20120731 ST1,35.8,45.6,2012-08-02 11:48:00,2012-08-03 10:02:00,No Sample
316,316,20120731 ST2,58.0,105.2,2012-08-02 11:45:00,2012-08-03 09:58:00,
317,317,20120731 SMP,102.3,108.6,2012-08-02 11:52:00,2012-08-03 09:42:00,No Sample
318,318,20120731 BRO,68.1,124.5,2012-08-02 11:53:00,2012-08-03 09:43:00,No Sample
319,319,20120731 TRN,102.4,150.7,2012-08-02 11:31:00,2012-08-03 10:25:00,
320,320,20120828 AMD,67.5,77.4,2012-08-27 11:41:00,2012-08-28 10:06:00,
321,321,20120828 FTM,101.7,436.0,2012-08-27 12:02:00,2012-08-28 10:28:00,
322,322,20120828 ST1,35.8,171.0,2012-08-27 11:49:00,2012-08-28 09:54:00,
323,323,20120828 ST2,58.0,120.9,2012-08-27 11:48:00,2012-08-28 09:36:00,
324,324,20120828 SMP,102.3,119.2,2012-08-27 11:39:00,2012-08-28 10:04:00,
325,325,20120828 BRO,68.1,137.4,2012-08-27 11:40:00,2012-08-28 10:05:00,
326,326,20120828 TRN,102.6,140.4,2012-08-27 11:25:00,2012-08-28 10:53:00,
327,327,20120925 AMD,67.5,71.1,2012-09-24 12:04:00,2012-09-25 09:30:00,
328,328,20120925 FTM,101.7,512.2,2012-09-24 12:23:00,2012-09-25 09:20:00,
329,329,20120925 ST1,35.8,167.4,2012-09-24 12:07:00,2012-09-25 09:28:00,
330,330,20120925 ST2,58.0,124.9,2012-09-24 12:08:00,2012-09-25 09:27:00,
331,331,20120925 SMP,102.3,115.2,2012-09-24 12:01:00,2012-09-25 09:28:00,
332,332,20120925 BRO,68.1,138.6,2012-09-24 12:02:00,2012-09-25 09:29:00,
333,333,20120925 TRN,102.6,174.5,2012-09-25 10:10:00,2012-09-25 10:30:00,
334,334,20121023 AMD,67.5,80.9,2012-10-22 12:13:00,2012-10-23 09:16:00,
335,335,20121023 FTM,101.7,481.6,2012-10-22 12:29:00,2012-10-23 09:08:00,
336,336,20121023 ST1,35.8,148.3,2012-10-22 12:03:00,2012-10-23 09:22:00,
337,337,20121023 ST2,58.0,130.1,2012-10-22 12:01:00,2012-10-23 09:24:00,
338,338,20121023 SMP,102.3,116.3,2012-10-22 12:07:00,2012-10-23 09:14:00,
339,339,20121023 BRO,68.1,138.8,2012-10-22 12:09:00,2012-10-23 09:15:00,
340,340,20121023 TRN,102.6,233.9,2012-10-23 11:38:00,2012-10-23 11:58:00,
341,341,20121120 AMD,67.5,114.0,2012-11-19 11:52:00,2012-11-20 10:33:00,
342,342,20121120 FTM,101.7,380.5,2012-11-19 12:11:00,2012-11-20 10:26:00,
343,343,20121120 ST1,35.8,111.3,2012-11-19 12:00:00,2012-11-20 10:36:00,
344,344,20121120 ST2,58.0,119.8,2012-11-19 11:57:00,2012-11-20 10:36:00,
345,345,20121120 SMP,102.3,117.0,2012-11-19 11:49:00,2012-11-20 10:31:00,
346,346,20121120 BRO,68.1,142.5,2012-11-19 11:51:00,2012-11-20 10:32:00,
347,347,20121120 TRN,102.6,205.7,2012-11-19 11:31:00,2012-11-20 10:43:00,
348,348,20121222 AMD,67.5,148.4,2012-12-21 12:48:00,2012-12-22 11:08:00,
349,349,20121222 FTM,101.8,494.5,2012-12-21 13:07:00,2012-12-22 10:50:00,
350,350,20121222 ST1,35.8,88.2,2012-12-21 12:51:00,2012-12-22 11:21:00,
351,351,20121222 ST2,58.0,114.6,2012-12-21 12:52:00,2012-12-22 11:21:00,
352,352,20121222 SMP,102.4,116.4,2012-12-21 12:46:00,2012-12-22 11:07:00,
353,353,20121222 BRO,68.1,137.3,2012-12-21 12:47:00,2012-12-22 11:08:00,
354,354,20121222 TRN,102.9,196.4,2012-12-21 12:33:00,2012-12-22 11:48:00,
355,355,20130116 AMD,67.5,133.4,2013-01-15 12:21:00,2013-01-16 10:14:00,
356,356,20130116 FTM,101.7,410.0,2013-01-15 12:36:00,2013-01-16 09:56:00,
357,357,20130116 ST1,35.8,43.1,2013-01-15 12:26:00,2013-01-16 10:18:00,
358,358,20130116 ST2,58.0,109.4,2013-01-15 12:27:00,2013-01-16 10:19:00,
359,359,20130116 SMP,102.3,,2013-01-15 12:18:00,2013-01-16 10:03:00,
360,360,20130116 BRO,68.1,131.9,2013-01-15 12:20:00,2013-01-16 10:12:00,
361,361,20130116 TRN,104.0,180.3,2013-01-16 10:57:00,2013-01-16 11:17:00,
362,362,20130219 AMD,67.4,146.9,2013-02-18 09:58:00,2013-02-19 10:41:00,
363,363,20130219 FTM,101.7,402.4,2013-02-18 09:44:00,2013-02-19 10:43:00,
364,364,20130219 ST1,35.8,43.3,2013-02-18 10:11:00,2013-02-19 10:21:00,
365,365,20130219 ST2,58.0,112.2,2013-02-18 10:12:00,2013-02-19 10:22:00,
366,366,20130219 SMP,102.3,,2013-02-19 13:33:00,2013-02-20 13:55:00,
367,367,20130219 BRO,68.3,118.75,2013-02-19 12:58:00,2013-02-20 13:56:00,
368,368,20130219 TRN,103.4,169.0,2013-02-19 11:37:00,2013-02-19 11:57:00,
369,369,20130319 AMD,67.5,111.1,2013-03-18 09:58:00,2013-03-19 10:08:00,
370,370,20130319 FTM,101.8,318.0,2013-03-18 10:41:00,2013-03-19 09:54:00,
371,371,20130319 ST1,35.9,51.3,2013-03-18 09:35:00,2013-03-19 10:12:00,
372,372,20130319 ST2,58.1,110.0,2013-03-18 09:35:00,2013-03-19 10:11:00,
373,373,20130319 SMP,102.5,119.1,2013-03-18 09:59:00,2013-03-19 10:05:00,
374,374,20130319 BRO,68.2,129.6,2013-03-18 09:58:00,2013-03-19 10:07:00,
375,375,20130319 TRN,103.5,158.0,2013-03-19 10:48:00,2013-03-19 11:08:00,
376,376,20130423 AMD,67.4,94.2,2013-04-22 10:28:00,2013-04-23 09:30:00,
377,377,20130423 FTM,101.7,333.9,2013-04-22 09:47:00,2013-04-23 09:04:00,
378,378,20130423 ST1,35.8,41.7,2013-04-22 10:06:00,2013-04-23 09:36:00,
379,379,20130423 ST2,58.1,104.3,2013-04-22 10:08:00,2013-04-23 09:35:00,
380,380,20130423 SMP,102.3,117.6,2013-04-22 10:29:00,2013-04-23 09:25:00,
381,381,20130423 BRO,68.0,125.5,2013-04-22 10:28:00,2013-04-23 09:22:00,
382,382,20130423 TRN,103.4,152.0,2013-04-23 10:18:00,2013-04-23 10:38:00,
383,383,20130521 AMD,67.5,80.3,2013-05-20 10:17:00,2013-05-21 09:47:00,
384,384,20130521 FTM,101.8,327.7,2013-05-20 09:44:00,2013-05-21 09:37:00,
385,385,20130521 ST1,35.9,46.7,2013-05-20 09:57:00,2013-05-21 09:58:00,
386,386,20130521 ST2,58.1,104.3,2013-05-20 09:57:00,2013-05-21 09:58:00,
387,387,20130521 SMP,102.4,118.5,2013-05-20 10:15:00,2013-05-21 09:46:00,
388,388,20130521 BRO,68.1,128.2,2013-05-20 10:16:00,2013-05-21 09:47:00,
389,389,20130521 TRN,103.0,150.4,2013-05-21 10:38:00,2013-05-21 10:58:00,
390,390,20130626 AMD,67.5,75.4,2013-06-25 13:47:00,2013-06-26 10:01:00,
391,391,20130626 FTM,101.8,281.8,2013-06-25 13:24:00,2013-06-26 09:42:00,
392,392,20130626 ST1,35.8,54.5,2013-06-25 14:03:00,2013-06-26 10:28:00,
393,393,20130626 ST2,58.1,97.1,2013-06-25 14:04:00,2013-06-26 10:27:00,
394,394,20130626 SMP,102.3,116.9,2013-06-25 13:49:00,2013-06-26 10:00:00,
395,395,20130626 BRO,68.1,119.5,2013-06-25 13:48:00,2013-06-26 10:01:00,
396,396,20130626 TRN,103.3,144.9,2013-06-26 11:14:00,2013-06-26 11:34:00,
397,397,20130730 AMD,67.4,75.1,2013-07-29 09:55:00,2013-07-30 10:01:00,
398,398,20130730 FTM,102.4,282.7,2013-07-29 09:34:00,2013-07-30 09:48:00,
399,399,20130730 ST1,35.9,53.5,2013-07-29 10:10:00,2013-07-30 10:17:00,
400,400,20130730 ST2,58.1,104.8,2013-07-29 10:10:00,2013-07-30 10:17:00,
401,401,20130730 SMP,102.3,118.9,2013-07-29 09:56:00,2013-07-30 09:59:00,
402,402,20130730 BRO,68.2,129.7,2013-07-29 09:55:00,2013-07-30 10:00:00,
403,403,20130730 TRN,103.2,138.4,2013-07-30 11:17:00,2013-07-30 11:37:00,
404,404,20130827 AMD,67.3,70.6,2013-08-26 10:43:00,2013-08-27 10:02:00,
405,405,20130827 FTM,101.8,240.0,2013-08-26 09:58:00,2013-08-27 09:48:00,
406,406,20130827 ST1,35.8,39.6,2013-08-26 10:10:00,2013-08-27 10:15:00,
407,407,20130827 ST2,58.2,103.4,2013-08-26 10:12:00,2013-08-27 10:15:00,
408,408,20130827 SMP,102.2,117.9,2013-08-26 10:28:00,2013-08-27 10:00:00,
409,409,20130827 BRO,68.0,125.9,2013-08-26 10:32:00,2013-08-27 10:01:00,
410,410,20130827 TRN,103.5,132.4,2013-08-27 10:56:00,2013-08-27 11:16:00,
411,411,20130924 AMD,67.3,70.6,2013-09-23 10:59:00,2013-09-24 10:32:00,
412,412,20130924 FTM,101.7,560.1,2013-09-23 10:25:00,2013-09-24 10:07:00,
413,413,20130924 ST1,35.8,146.4,2013-09-23 10:47:00,2013-09-24 10:24:00,
414,414,20130924 ST2,58.1,103.4,2013-09-23 10:45:00,2013-09-24 10:22:00,
415,415,20130924 SMP,102.3,112.2,2013-09-23 10:59:00,2013-09-24 10:30:00,
416,416,20130924 BRO,68.1,124.9,2013-09-23 10:58:00,2013-09-24 10:31:00,
417,417,20130924 TRN,102.9,133.3,2013-09-24 11:12:00,2013-09-24 11:32:00,
418,418,20131022 AMD,67.3,71.2,2013-10-21 10:38:00,2013-10-22 10:21:00,
419,419,20131022 FTM,101.8,499.7,2013-10-21 10:10:00,2013-10-22 10:00:00,3x rinse
420,420,20131022 ST1,35.8,188.9,2013-10-21 10:58:00,2013-10-22 10:24:00,
421,421,20131022 ST2,58.1,134.8,2013-10-21 10:54:00,2013-10-22 10:23:00,
422,422,20131022 SMP,102.2,120.5,2013-10-21 10:33:00,2013-10-22 10:18:00,
423,423,20131022 BRO,68.0,145.5,2013-10-21 10:35:00,2013-10-22 10:20:00,
424,424,20131022 TRN,104.8,286.4,2013-10-22 11:19:00,2013-10-22 11:39:00,3x rinse
425,425,20131119 AMD,67.3,72.4,2013-11-18 11:17:00,2013-11-19 10:36:00,
426,426,20131119 FTM,101.9,515.4,2013-11-18 10:30:00,2013-11-19 10:19:00,3x rinse
427,427,20131119 ST1,35.0,188.9,2013-11-18 10:52:00,2013-11-19 10:31:00,
428,428,20131119 ST2,58.1,137.6,2013-11-18 10:45:00,2013-11-19 10:31:00,
429,429,20131119 SMP,102.3,120.4,2013-11-18 11:13:00,2013-11-19 10:35:00,
430,430,20131119 BRO,68.1,142.7,2013-11-18 11:15:00,2013-11-19 10:35:00,
431,431,20131119 TRN,89.8,177.0,2013-11-20 11:02:00,2013-11-20 11:22:00,3x rinse
432,432,20131217 AMD,67.4,71.9,2013-12-16 10:25:00,2013-12-17 10:04:00,
433,433,20131217 FTM,101.8,516.9,2013-12-16 09:58:00,2013-12-17 09:41:00,3x rinse
434,434,20131217 ST1,35.9,109.9,2013-12-16 09:50:00,2013-12-17 10:42:00,
435,435,20131217 ST2,58.2,124.6,2013-12-16 10:45:00,2013-12-17 09:52:00,
436,436,20131217 SMP,102.3,120.6,2013-12-16 10:13:00,2013-12-17 10:02:00,
437,437,20131217 BRO,68.1,142.8,2013-12-16 10:22:00,2013-12-17 10:03:00,
438,438,20131217 TRN,103.9,195.7,2013-12-17 10:18:00,2013-12-17 10:38:00,3x rinse
439,439,20140121 AMD,67.6,74.2,2014-01-21 10:37:00,2014-01-22 12:14:00,
440,440,20140121 FTM,101.8,526.6,2014-01-21 10:09:00,2014-01-22 11:59:00,3x rinse
441,441,20140121 ST1,58.1,76.5,2014-01-21 10:32:00,2014-01-22 12:09:00,
442,442,20140121 ST2,58.1,126.4,2014-01-21 10:32:00,2014-01-22 12:08:00,
443,443,20140121 SMP,102.5,119.9,2014-01-21 10:36:00,2014-01-22 12:12:00,
444,444,20140121 BRO,68.3,142.8,2014-01-21 10:37:00,2014-01-22 12:13:00,
445,445,20140121 TRN,103.6,191.0,2014-01-22 12:38:00,2014-01-22 12:58:00,3x rinse
446,446,20140217 AMD,67.5,71.4,2014-02-17 11:36:00,2014-02-18 10:46:00,
447,447,20140217 FTM,101.8,522.3,2014-02-17 13:18:00,2014-02-18 10:09:00,3x rinse
448,448,20140217 ST1,35.8,96.0,2014-02-17 10:39:00,2014-02-18 10:39:00,
449,449,20140217 ST2,58.0,123.7,2014-02-17 12:26:00,2014-02-18 10:45:00,
450,450,20140217 SMP,102.3,121.5,2014-02-17 11:29:00,2014-02-18 10:45:00,
451,451,20140217 BRO,68.0,141.1,2014-02-17 11:32:00,2014-02-18 10:44:00,
452,452,20140217 TRN,102.8,225.4,2014-02-18 11:41:00,2014-02-18 12:01:00,
453,453,20140318 AMD,67.4,71.2,2014-03-17 11:22:00,2014-03-18 10:39:00,
454,454,20140318 FTM,101.7,522.3,2014-03-17 10:46:00,2014-03-18 10:09:00,3x rinse
455,455,20140318 ST1,35.7,100.08,2014-03-17 10:59:00,2014-03-18 10:37:00,
456,456,20140318 ST2,58.0,61.1,2014-03-17 11:07:00,2014-03-18 12:09:00,
457,457,20140318 SMP,102.3,123.8,2014-03-17 11:06:00,2014-03-18 10:37:00,
458,458,20140318 BRO,68.1,140.4,2014-03-17 11:10:00,2014-03-18 10:38:00,
459,459,20140318 TRN,,,2014-03-18 11:20:00,2014-03-18 11:40:00,
460,460,20140423 AMD,67.2,72.14,2013-04-22 11:35:00,2013-04-23 10:53:00,
461,461,20140423 FTM,101.7,407.0,2014-04-22 11:02:00,2014-04-23 10:27:00,3x rinse
462,462,20140423 ST1,35.7,50.1,2014-04-22 11:47:00,2014-04-23 11:09:00,
463,463,20140423 ST2,57.8,110.2,2014-04-22 11:48:00,2014-04-23 11:08:00,
464,464,20140423 SMP,102.1,118.4,2014-04-22 11:37:00,2014-04-23 10:51:00,
465,465,20140423 BRO,68.0,135.4,2014-04-22 11:36:00,2014-04-23 10:52:00,
466,466,20140423 TRN,103.9,177.0,2014-04-23 12:10:00,2014-04-23 12:31:00,3x rinse
467,467,20140523 AMD,67.3,69.6,2014-05-22 10:33:00,2014-05-23 09:56:00,
468,468,20140523 FTM,101.7,358.5,2014-05-22 10:35:00,2014-05-23 09:49:00,3x rinse
469,469,20140523 ST1,35.9,37.3,2014-05-22 11:11:00,2014-05-23 10:10:00,
470,470,20140523 ST2,57.7,95.2,2014-05-22 10:57:00,2014-05-23 10:09:00,
471,471,20140523 SMP,102.2,117.3,2014-05-22 10:34:00,2014-05-23 09:57:00,
472,472,20140523 BRO,68.0,130.6,2014-05-22 10:35:00,2014-05-23 09:57:00,
473,473,20140523 TRN,102.6,177.2,2014-05-23 10:56:00,2014-05-23 11:16:00,Estimate
474,474,20140617 AMD,67.3,68.6,2014-06-16 10:53:00,2014-06-17 10:33:00,
475,475,20140617 FTM,101.7,314.1,2014-06-16 10:14:00,2014-06-17 10:14:00,3x rinse
476,476,20140617 ST1,35.8,46.7,2014-06-16 10:29:00,2014-06-17 10:34:00,
477,477,20140617 ST2,57.8,106.6,2014-06-16 10:49:00,2014-06-17 10:41:00,
478,478,20140617 SMP,102.3,115.7,2014-06-16 10:52:00,2014-06-17 10:32:00,
479,479,20140617 BRO,68.2,125.9,2014-06-16 10:53:00,2014-06-17 10:33:00,
480,480,20140617 TRN,102.5,1156.7,2014-06-16 11:12:00,2014-06-17 10:58:00,3x rinse
481,481,20140818 AMD,67.5,86.3,2014-08-12 11:47:00,2014-08-18 13:29:00,
482,482,20140818 FTM,101.8,,2014-08-12 11:24:00,2014-08-13 10:26:00,
483,483,20140818 ST1,35.8,332.0,2014-08-12 11:53:00,2014-08-18 13:53:00,
484,484,20140818 ST2,57.9,489.3,2014-08-12 11:56:00,2014-08-18 01:54:00,
485,485,20140818 SMP,102.2,226.9,2014-08-12 11:45:00,2014-08-18 13:27:00,
486,486,20140818 BRO,68.1,496.9,2014-08-12 11:43:00,2014-08-18 13:28:00,
487,487,20140818 TRN,102.6,1170.3,2014-08-12 11:38:00,2014-08-18 14:17:00,
488,488,20140923 AMD,67.4,70.5,2014-09-22 10:08:00,2014-09-23 09:53:00,
489,489,20140923 FTM,101.8,579.8,2014-09-22 09:54:00,2014-09-23 09:30:00,
490,490,20140923 ST1,35.8,134.5,2014-09-22 10:24:00,2014-09-23 10:16:00,
491,491,20140923 ST2,57.8,122.3,2014-09-22 10:25:00,2014-09-23 10:16:00,
492,492,20140923 SMP,102.25,119.3,2014-09-22 10:06:00,2014-09-23 09:52:00,
493,493,20140923 BRO,68.1,142.4,2014-09-22 10:07:00,2014-09-23 09:52:00,
494,494,20140923 TRN,102.7,1191.4,2014-09-22 10:48:00,2014-09-23 10:43:00,
495,495,20141031 AMD,67.3,70.9,2014-10-30 12:56:00,2014-10-31 11:53:00,
496,496,20141031 FTM,101.7,553.0,2014-10-30 12:12:00,2014-10-31 10:47:00,
497,497,20141031 ST1,35.8,136.5,2014-10-30 13:12:00,2014-10-31 12:20:00,
498,498,20150131 ST2,58.0,117.1,1999-12-30 00:00:00,2014-10-31 12:29:00,
499,499,20141031 SMP,102.2,117.2,2014-10-30 12:44:00,2014-10-31 11:32:00,
500,500,20141031 BRO,68.1,135.9,2014-10-30 12:52:00,2014-10-31 11:40:00,
501,501,20141031 TRN,102.5,177.7,2014-10-30 14:10:00,2014-10-31 13:11:00,
502,502,20141129 AMD,67.3,69.7,2014-11-28 11:53:00,2014-11-29 10:46:00,
503,503,20141129 FTM,101.8,587.6,2014-11-28 11:24:00,2014-11-29 10:25:00,
504,504,20141129 ST1,35.8,92.3,2014-11-28 12:22:00,2014-11-29 10:44:00,
505,505,20141129 ST2,57.8,112.5,2014-11-28 12:11:00,2014-11-29 10:45:00,
506,506,20141129 SMP,102.2,116.4,2014-11-28 11:51:00,2014-11-29 10:53:00,
507,507,20141129 BRO,68.1,132.8,2014-11-28 11:52:00,2014-11-29 10:58:00,
508,508,20141129 TRN,102.5,0.0,2014-11-28 12:37:00,2014-11-29 11:35:00,
509,509,20141230 AMD,102.5,104.3,2014-12-29 12:12:00,2014-12-30 11:04:00,
510,510,20141230 FTM,102.0,563.6,2014-12-29 12:42:00,2014-12-30 10:46:00,
511,511,20141230 ST1,35.85,96.9,2014-12-29 11:36:00,2014-12-30 11:30:00,
512,512,20141230 ST2,57.8,111.6,2014-12-29 00:00:00,2014-12-30 11:42:00,
513,513,20141230 SMP,67.3,82.2,2014-12-29 12:06:00,2014-12-30 11:06:00,
514,514,20141230 BRO,68.1,132.7,2014-12-29 12:09:00,2014-12-30 11:06:00,
515,515,20141230 TRN,102.5,1194.3,2014-12-29 12:31:00,2014-12-30 12:30:00,
516,516,20150131 AMD,67.3,69.3,2015-01-30 12:30:00,2015-01-31 11:45:00,
517,517,20150131 FTM,101.8,471.3,2015-01-30 11:33:00,2015-01-31 11:08:00,
518,518,20150131 ST1,35.8,151.1,2015-01-30 11:54:00,2015-01-31 12:02:00,
519,519,20150131 ST2,57.9,119.8,2015-01-30 12:07:00,2015-01-31 12:08:00,
520,520,20150131 SMP,102.2,118.0,2015-01-30 12:19:00,2015-01-31 11:32:00,
521,521,20150131 BRO,68.1,136.4,2015-01-30 12:24:00,2015-01-31 11:39:00,
522,522,20150131 TRN,102.6,,2015-01-30 12:53:00,2015-01-31 12:49:00,
523,523,20150228 AMD,67.3,69.3,2015-02-27 11:00:00,2015-02-28 10:47:00,
524,524,20150228 FTM,101.8,535.6,2015-02-27 10:36:00,2015-02-28 10:36:00,
525,525,20150228 ST1,35.9,120.8,2015-02-27 11:07:00,2015-02-28 10:45:00,
526,526,20150228 ST2,57.8,110.7,2015-02-27 11:13:00,2015-02-28 10:45:00,
527,527,20150228 SMP,102.3,108.2,2015-02-27 12:12:00,2015-02-28 10:48:00,
528,528,20150228 BRO,68.0,128.0,2015-02-27 11:00:00,2015-02-28 10:47:00,
529,529,20150228 TRN,102.5,0.0,2015-02-27 11:06:00,2015-02-28 11:23:00,
530,530,20150328 SMP,68.2,88.1,2015-03-27 11:36:00,2015-03-28 11:49:00,
531,531,20150328 BRO,102.3,171.5,2015-03-27 11:45:00,2015-03-28 11:48:00,
532,532,20150328 AMD,67.3,74.3,2015-03-27 11:35:00,2015-03-28 12:54:00,
533,533,20150328 ST1,35.9,84.4,2015-03-27 11:35:00,2015-03-28 13:10:00,
534,534,20150328 ST2,57.8,110.1,2015-03-27 11:34:00,2015-03-28 13:30:00,
535,535,20150328 FTM,101.8,438.6,2015-03-27 11:15:00,2015-03-28 11:34:00,
536,536,20150328 TRN,102.6,179.0,2015-03-28 00:00:00,2015-03-28 00:20:00,
537,537,20150502 SMP,102.2,116.5,2015-05-01 12:22:00,2015-05-02 11:09:00,
538,538,20150502 BRO,68.0,127.8,2015-05-01 12:20:00,2015-05-02 11:10:00,
539,539,20150502 AMD,67.3,70.0,2015-05-01 12:20:00,2015-05-02 11:10:00,
540,540,20150502 ST1,35.9,60.7,2015-05-01 12:38:00,2015-05-02 11:10:00,
541,541,20150502 ST2,57.8,104.0,2015-05-01 12:53:00,2015-05-02 11:10:00,
542,542,20150502 FTM,101.8,389.9,2015-05-01 12:03:00,2015-05-02 11:06:00,
543,543,20150502 TRN,102.4,1166.4,2015-05-01 12:38:00,2015-05-02 11:18:00,
544,544,20150530 SMP,102.3,118.8,2015-05-29 12:06:00,2015-05-30 12:15:00,
545,545,20150530 BRO,68.1,137.7,2015-05-29 12:05:00,2015-05-30 12:08:00,
546,546,20150530 ST1,35.8,151.1,2015-05-29 12:12:00,2015-05-30 11:18:00,
547,547,20150530 ST2,57.9,120.6,2015-05-29 12:14:00,2015-05-30 10:59:00,
548,548,20150530 FTM,101.7,442.6,2015-05-29 11:49:00,2015-05-30 11:34:00,
549,549,20150530 TRN,103.5,158.9,2015-05-30 11:22:00,2015-05-30 11:42:00,
550,550,20150626 SMP,102.3,118.2,2015-06-25 11:27:00,2015-06-26 09:48:00,
551,551,20150626 BRO,68.1,131.5,2015-06-25 11:26:00,2015-06-26 09:47:00,
552,552,20150626 ST1,35.8,92.5,2015-06-25 11:09:00,2015-06-26 09:55:00,
553,553,20150626 ST2,57.9,113.8,2015-06-25 11:04:00,2015-06-26 09:54:00,
554,554,20150626 FTM,101.7,448.3,2015-06-25 10:43:00,2015-06-26 09:42:00,
555,555,20150626 TRN,102.6,1164.8,2015-06-25 13:09:00,2015-06-26 10:00:00,
556,556,20150730 BRO,68.1,141.1,2015-07-29 10:49:00,,
557,557,20150730 FTM,101.7,374.4,2015-07-29 10:28:00,2015-07-30 12:47:00,
558,558,20150730 ST1,35.8,170.4,2015-07-29 11:08:00,2015-07-30 12:15:00,
559,559,20150730 ST2,,,2015-07-29 11:12:00,2015-07-30 12:37:00,
560,560,20150730 SMP,102.3,121.7,2015-07-29 10:48:00,,
561,561,20150901 SMP,102.3,120.4,2015-08-31 10:31:00,2015-09-01 10:03:00,
562,562,20150901 BRO,68.3,138.2,2015-08-31 10:29:00,2015-09-01 10:04:00,
563,563,20150901 ST1,35.9,95.3,2015-08-31 10:35:00,2015-09-01 10:10:00,
564,564,20150901 FTM,57.3,491.1,2015-08-31 10:11:00,2015-09-01 09:36:00,
565,565,20150901 TRN,102.5,118.7,2015-08-31 10:57:00,2015-09-01 10:48:00,
566,566,20150929 SMP,102.3,118.9,2015-09-28 10:59:00,2015-09-29 09:41:00,
567,567,20150929 BRO,68.3,132.2,2015-09-28 10:58:00,2015-09-29 09:41:00,
568,568,20150929 ST1,35.9,137.6,2015-09-28 11:06:00,2015-09-29 09:42:00,
569,569,20150929 ST2,57.5,97.7,2015-09-28 11:10:00,2015-09-29 09:43:00,
570,570,20150929 FTM,57.3,227.1,2015-09-28 10:36:00,2015-09-29 09:32:00,
571,571,20150929 TRN,102.5,1195.7,2015-09-28 11:17:00,2015-09-29 09:53:00,
572,572,20151027 SMP,102.3,119.8,2015-10-26 10:37:00,2015-10-27 09:09:00,
573,573,20151027 BRO,68.1,132.1,2015-10-26 10:36:00,2015-10-27 09:10:00,
574,574,20151027 ST1,35.8,122.7,2015-10-26 10:29:00,2015-10-27 09:13:00,initial bottle weight might be wrong
575,575,20151027 ST2,57.9,121.7,2015-10-26 10:24:00,2015-10-27 09:12:00,
576,576,20151027 FTM,101.7,500.9,2015-10-26 10:02:00,2015-10-27 09:04:00,
577,577,20151027 TRN,102.6,1181.9,2015-10-26 10:20:00,2015-10-27 09:18:00,
578,578,20151124 SMP,102.3,118.3,2015-11-23 11:22:00,2015-11-24 09:49:00,
579,579,20151124 BRO,68.1,132.8,2015-11-23 11:21:00,2015-11-24 09:49:00,
580,580,20151124 ST1,35.8,111.3,2015-11-23 10:56:00,2015-11-24 09:48:00,
581,581,20151124 ST2,57.9,115.2,2015-11-23 10:58:00,2015-11-24 09:47:00,
582,582,20151124 FTM,101.7,494.0,2015-11-23 10:40:00,2015-11-24 09:30:00,
583,583,20151124 TRN,103.1,202.0,2015-11-24 10:23:00,2015-11-24 10:43:00,
584,584,20151229 SMP,102.3,255.2,2015-12-21 11:23:00,2015-12-29 09:40:00,
585,585,20151229 BRO,38.1,600.9,2015-12-21 11:24:00,2015-12-29 09:41:00,
586,586,20151229 ST1,36.0,330.9,2015-12-21 11:11:00,2015-12-29 09:48:00,
587,587,20151229 ST2,57.5,559.8,2015-12-21 11:12:00,2015-12-29 09:48:00,
588,588,20151229 FTM,57.4,592.1,2015-12-21 10:56:00,2015-12-29 09:31:00,
589,589,20151229 TRN,102.6,1184.0,2015-12-29 11:32:00,2015-12-29 09:42:00,
590,590,20160202 BRO,68.2,133.5,2016-02-01 10:50:00,2016-02-02 09:40:00,
591,591,20160202 FTM,57.4,312.3,2016-02-01 10:31:00,2016-02-02 09:19:00,
592,592,20160202 SMP,102.3,120.4,2016-02-01 10:50:00,2016-02-02 09:39:00,
593,593,20160202 ST1,36.0,115.4,2016-02-01 11:05:00,2016-02-02 09:26:00,
594,594,20160202 ST2,57.5,109.3,2016-02-01 11:07:00,2016-02-02 09:25:00,
595,595,20160301 BRO,68.2,128.3,2016-02-29 11:30:00,2016-03-01 08:52:00,
596,596,20160301 SMP,102.4,119.2,2016-02-29 11:31:00,2016-03-01 08:52:00,
597,597,20160301 ST1,35.9,58.9,2016-02-29 11:19:00,2016-03-01 09:04:00,
598,598,20160301 ST2,57.7,104.4,2016-02-19 11:23:00,2016-03-01 09:04:00,
599,599,20160405 BRO,68.2,124.0,2016-04-04 11:30:00,2016-04-05 09:01:00,
600,600,20160405 FTM,57.4,296.2,2016-04-04 11:55:00,2016-04-05 08:39:00,
601,601,20160405 SMP,102.3,117.3,2016-04-04 11:30:00,2016-04-05 09:01:00,
602,602,20160405 ST1,36.0,43.8,2016-04-04 11:38:00,2016-04-05 08:46:00,
603,603,20160405 ST2,57.5,98.7,2016-04-04 11:24:00,2016-04-05 08:46:00,
604,604,20160510 SMP,102.2,119.2,2016-05-09 10:21:00,2016-05-10 09:22:00,
605,605,20160510 BRO,68.1,127.7,2016-05-09 10:21:00,2016-05-10 09:22:00,
606,606,20160510 ST1,35.9,37.3,2016-05-09 09:59:00,2016-05-10 09:29:00,
607,607,20160510 ST2,57.4,100.4,2016-05-09 09:57:00,2016-05-10 09:15:00,
608,608,20160510 FTM,57.3,185.7,2016-05-09 10:31:00,2016-05-10 08:57:00,
609,609,20160510 TRN,102.6,1189.5,2016-05-09 10:04:00,2016-05-10 09:05:00,
610,610,20160622 SMP,102.3,119.4,2016-06-21 09:47:00,2016-06-22 09:42:00,
611,611,20160622 BRO,68.1,128.9,2016-06-21 09:48:00,2016-06-22 09:42:00,
612,612,20160622 ST1,35.8,38.4,2016-06-21 10:02:00,2016-06-22 09:17:00,
613,613,20160622 ST2,57.5,99.6,2016-06-21 10:02:00,2016-06-22 09:17:00,
614,614,20160622 FTM,57.4,280.3,2016-06-21 09:23:00,2016-06-22 09:02:00,
615,615,20160622 TRN,102.6,1198.2,2016-06-21 09:53:00,2016-06-22 09:15:00,
616,616,20160726 SMP,102.3,116.2,2016-07-25 10:16:00,2016-07-26 09:20:00,
617,617,20160726 BRO,68.1,119.2,2016-07-25 10:16:00,2016-07-26 09:20:00,
618,618,20160726 ST1,36.0,36.1,2016-07-25 10:35:00,2016-07-26 09:16:00,
619,619,20160726 ST2,57.4,85.3,2016-07-25 10:35:00,2016-07-26 09:17:00,
620,620,20160726 FTM,57.4,258.5,2016-07-25 09:56:00,2016-07-26 09:13:00,
621,621,20160726 TRN,102.5,1183.4,2016-07-25 10:16:00,2016-07-26 09:25:00,
622,622,20160830 SMP,102.4,123.4,2016-08-29 11:23:00,2016-08-30 10:13:00,
623,623,20160830 BRO,68.3,130.7,2016-08-29 11:25:00,2016-08-30 10:13:00,
624,624,20160830 ST1,36.3,105.6,2016-08-29 11:34:00,2016-08-30 10:11:00,
625,625,20160830 ST2,57.6,105.0,2016-08-29 11:34:00,2016-08-30 10:11:00,
626,626,20160830 FTM,57.5,184.8,2016-08-29 11:08:00,2016-08-30 10:35:00,
627,627,20160830 TRN,102.6,1180.7,2016-08-29 11:50:00,2016-08-30 10:01:00,
