,idDripInterval,idFieldTrip,SiteName,TimeCollected,Count1,Count2,Count3,Note
0,0,120,Stumpy,2015-02-27 00:00:00,338.0,,,
1,1,120,Stumpy,2015-02-28 00:00:00,350.0,350.0,,
2,2,121,Stumpy,2015-03-27 00:00:00,338.0,333.0,,
3,3,121,Stumpy,2015-03-28 00:00:00,335.0,333.0,,
4,4,19,Stumpys Brother,2009-05-13 00:00:00,84.0,85.0,85.0,
5,5,20,Stumpys Brother,2009-06-11 00:00:00,91.0,92.0,91.0,
6,6,20,Stumpys Brother,2009-06-12 00:00:00,98.0,90.0,96.0,
7,7,22,Stumpys Brother,2009-07-14 00:00:00,96.0,96.0,96.0,
8,8,22,Stumpys Brother,2009-07-15 00:00:00,88.0,84.0,86.0,
9,9,23,Stumpys Brother,2009-08-21 00:00:00,73.0,74.0,73.0,
10,10,23,Stumpys Brother,2009-08-22 00:00:00,78.0,78.0,78.0,
11,11,25,Stumpys Brother,2009-09-21 00:00:00,75.0,72.0,72.0,
12,12,25,Stumpys Brother,2009-09-22 00:00:00,68.0,70.0,69.0,
13,13,25,Stumpys Brother,2009-10-19 00:00:00,70.0,75.0,71.0,
14,14,26,Stumpys Brother,2009-10-21 00:00:00,71.0,71.0,72.0,
15,15,28,Stumpys Brother,2009-11-23 00:00:00,75.0,77.0,76.0,
16,16,28,Stumpys Brother,2009-11-24 00:00:00,74.0,74.0,74.0,
17,17,29,Stumpys Brother,2009-12-21 00:00:00,74.0,72.0,73.0,
18,18,29,Stumpys Brother,2009-12-22 00:00:00,76.0,76.0,76.0,
19,19,30,Stumpys Brother,2010-01-25 00:00:00,80.0,62.0,84.0,
20,20,30,Stumpys Brother,2010-01-26 00:00:00,75.0,74.0,74.0,
21,21,31,Stumpys Brother,2010-03-01 00:00:00,75.0,75.0,75.0,
22,22,31,Stumpys Brother,2010-03-02 00:00:00,77.0,78.0,78.0,
23,23,33,Stumpys Brother,2010-04-05 00:00:00,80.0,81.0,82.0,
24,24,33,Stumpys Brother,2010-04-06 00:00:00,76.0,77.0,76.0,
25,25,34,Stumpys Brother,2010-05-03 00:00:00,165.0,155.0,84.0,
26,26,34,Stumpys Brother,2010-05-04 00:00:00,81.0,81.0,80.0,
27,27,35,Stumpys Brother,2010-06-07 00:00:00,91.0,92.0,90.0,
28,28,35,Stumpys Brother,2010-06-08 00:00:00,91.0,91.0,91.0,
29,29,36,Stumpys Brother,2010-07-12 00:00:00,92.0,88.0,96.0,
30,30,36,Stumpys Brother,2010-07-13 00:00:00,92.0,92.0,92.0,
31,31,38,Stumpys Brother,2010-08-16 00:00:00,91.0,91.0,91.0,
32,32,38,Stumpys Brother,2010-08-17 00:00:00,84.0,86.0,86.0,
33,33,39,Stumpys Brother,2010-09-27 00:00:00,95.0,91.0,93.0,
34,34,39,Stumpys Brother,2010-09-28 00:00:00,106.0,105.0,106.0,
35,35,41,Stumpys Brother,2010-10-25 00:00:00,84.0,84.0,85.0,
36,36,41,Stumpys Brother,2010-10-26 00:00:00,89.0,89.0,89.0,
37,37,42,Stumpys Brother,2010-11-22 00:00:00,77.0,77.0,78.0,
38,38,42,Stumpys Brother,2010-11-23 00:00:00,79.0,79.0,79.0,
39,39,44,Stumpys Brother,2010-12-20 00:00:00,78.0,77.0,77.0,
40,40,44,Stumpys Brother,2010-12-21 00:00:00,79.0,78.0,78.0,
41,41,45,Stumpys Brother,2011-01-24 00:00:00,87.0,85.0,86.0,
42,42,45,Stumpys Brother,2011-01-25 00:00:00,80.0,80.0,80.0,
43,43,46,Stumpys Brother,2011-02-21 00:00:00,76.0,77.0,76.0,
44,44,46,Stumpys Brother,2011-02-22 00:00:00,82.0,81.0,81.0,
45,45,47,Stumpys Brother,2011-03-28 00:00:00,84.0,85.0,85.0,
46,46,47,Stumpys Brother,2011-03-29 00:00:00,80.0,80.0,81.0,
47,47,49,Stumpys Brother,2011-04-25 00:00:00,87.0,87.0,88.0,
48,48,49,Stumpys Brother,2011-04-26 00:00:00,82.0,80.0,81.0,
49,49,52,Stumpys Brother,2011-05-23 00:00:00,82.0,83.0,82.0,
50,50,52,Stumpys Brother,2011-05-24 00:00:00,83.0,84.0,82.0,
51,51,53,Stumpys Brother,2011-06-20 00:00:00,89.0,87.0,88.0,
52,52,53,Stumpys Brother,2011-06-21 00:00:00,86.0,87.0,86.0,
53,53,54,Stumpys Brother,2011-07-18 00:00:00,88.0,90.0,89.0,
54,54,54,Stumpys Brother,2011-07-19 00:00:00,90.0,93.0,92.0,
55,55,56,Stumpys Brother,2011-08-29 00:00:00,82.0,78.0,79.0,
56,56,56,Stumpys Brother,2011-08-30 00:00:00,77.0,78.0,78.0,
57,57,57,Stumpys Brother,2011-09-26 00:00:00,82.0,82.0,82.0,
58,58,57,Stumpys Brother,2011-09-27 00:00:00,81.0,82.0,83.0,
59,59,59,Stumpys Brother,2011-10-24 00:00:00,83.0,83.0,83.0,
60,60,59,Stumpys Brother,2011-10-25 00:00:00,86.0,88.0,87.0,
61,61,60,Stumpys Brother,2011-11-21 00:00:00,76.0,77.0,76.0,
62,62,60,Stumpys Brother,2011-11-22 00:00:00,79.0,81.0,80.0,
63,63,61,Stumpys Brother,2011-12-19 00:00:00,81.0,81.0,81.0,
64,64,61,Stumpys Brother,2011-12-20 00:00:00,84.0,84.0,84.0,
65,65,63,Stumpys Brother,2012-01-23 00:00:00,85.0,85.0,85.0,
66,66,63,Stumpys Brother,2012-01-24 00:00:00,86.0,86.0,86.0,
67,67,64,Stumpys Brother,2012-02-27 00:00:00,85.0,85.0,86.0,
68,68,64,Stumpys Brother,2012-02-28 00:00:00,87.0,88.0,88.0,
69,69,65,Stumpys Brother,2012-03-26 00:00:00,86.0,85.0,86.0,
70,70,65,Stumpys Brother,2012-03-27 00:00:00,83.0,84.0,83.0,
71,71,66,Stumpys Brother,2012-04-23 00:00:00,89.0,90.0,89.0,
72,72,66,Stumpys Brother,2012-04-24 00:00:00,93.0,94.0,93.0,
73,73,68,Stumpys Brother,2012-05-21 00:00:00,93.0,92.0,92.0,
74,74,68,Stumpys Brother,2012-05-22 00:00:00,100.0,104.0,102.0,
75,75,69,Stumpys Brother,2012-06-28 00:00:00,101.0,100.0,101.0,
76,76,69,Stumpys Brother,2012-06-29 00:00:00,100.0,100.0,100.0,
77,77,70,Stumpys Brother,2012-08-02 00:00:00,101.0,101.0,101.0,
78,78,70,Stumpys Brother,2012-08-03 00:00:00,95.0,96.0,96.0,
79,79,72,Stumpys Brother,2012-08-27 00:00:00,91.0,91.0,90.0,
80,80,72,Stumpys Brother,2012-08-28 00:00:00,88.0,87.0,89.0,
81,81,73,Stumpys Brother,2012-09-24 00:00:00,86.0,85.0,86.0,
82,82,73,Stumpys Brother,2012-09-25 00:00:00,87.0,88.0,88.0,
83,83,74,Stumpys Brother,2012-10-22 00:00:00,81.0,83.0,82.0,
84,84,74,Stumpys Brother,2012-10-23 00:00:00,85.0,85.0,85.0,
85,85,76,Stumpys Brother,2012-11-19 00:00:00,82.0,82.0,82.0,
86,86,76,Stumpys Brother,2012-11-20 00:00:00,81.0,82.0,81.0,
87,87,77,Stumpys Brother,2012-12-21 00:00:00,84.0,85.0,84.0,
88,88,77,Stumpys Brother,2012-12-22 00:00:00,90.0,90.0,90.0,
89,89,78,Stumpys Brother,2013-01-15 00:00:00,91.0,91.0,90.0,
90,90,78,Stumpys Brother,2013-01-16 00:00:00,86.0,86.0,86.0,
91,91,80,Stumpys Brother,2013-02-18 00:00:00,102.0,102.0,102.0,
92,92,80,Stumpys Brother,2013-02-19 00:00:00,101.0,101.0,102.0,
93,93,81,Stumpys Brother,2013-03-18 00:00:00,110.0,109.0,110.0,
94,94,81,Stumpys Brother,2013-03-19 00:00:00,106.0,102.0,105.0,
95,95,82,Stumpys Brother,2013-04-22 00:00:00,108.0,108.0,107.0,
96,96,82,Stumpys Brother,2013-04-23 00:00:00,108.0,107.0,107.0,
97,97,84,Stumpys Brother,2013-05-20 00:00:00,105.0,106.0,106.0,
98,98,84,Stumpys Brother,2013-05-21 00:00:00,103.0,104.0,105.0,
99,99,85,Stumpys Brother,2013-06-25 00:00:00,99.0,100.0,100.0,
100,100,85,Stumpys Brother,2013-06-26 00:00:00,103.0,103.0,104.0,
101,101,87,Stumpys Brother,2013-07-29 00:00:00,104.0,105.0,103.0,
102,102,87,Stumpys Brother,2013-07-30 00:00:00,102.0,103.0,102.0,
103,103,88,Stumpys Brother,2013-08-26 00:00:00,102.0,100.0,105.0,
104,104,88,Stumpys Brother,2013-08-27 00:00:00,108.0,109.0,108.0,
105,105,89,Stumpys Brother,2013-09-23 00:00:00,105.0,104.0,105.0,
106,106,89,Stumpys Brother,2013-09-24 00:00:00,106.0,106.0,105.0,
107,107,91,Stumpys Brother,2013-10-21 00:00:00,82.0,82.0,82.0,
108,108,91,Stumpys Brother,2013-10-22 00:00:00,80.0,79.0,79.0,
109,109,93,Stumpys Brother,2013-11-18 00:00:00,82.0,82.0,82.0,
110,110,93,Stumpys Brother,2013-11-19 00:00:00,76.0,76.0,77.0,
111,111,94,Stumpys Brother,2013-12-16 00:00:00,84.0,84.0,84.0,
112,112,94,Stumpys Brother,2013-12-17 00:00:00,80.0,80.0,80.0,
113,113,95,Stumpys Brother,2014-01-21 00:00:00,88.0,90.0,90.0,
114,114,95,Stumpys Brother,2014-01-22 00:00:00,83.0,83.0,84.0,
115,115,98,Stumpys Brother,2014-02-17 00:00:00,82.0,83.0,83.0,
116,116,98,Stumpys Brother,2014-02-18 00:00:00,84.0,86.0,86.0,
117,117,99,Stumpys Brother,2014-03-17 00:00:00,86.0,84.0,83.0,
118,118,99,Stumpys Brother,2014-03-18 00:00:00,88.0,88.0,86.0,
119,119,100,Stumpys Brother,2014-04-22 00:00:00,86.0,86.0,86.0,
120,120,100,Stumpys Brother,2014-04-23 00:00:00,88.0,90.0,88.0,
121,121,104,Stumpys Brother,2014-05-22 00:00:00,98.0,98.0,99.0,
122,122,104,Stumpys Brother,2014-05-23 00:00:00,98.0,99.0,98.0,
123,123,106,Stumpys Brother,2014-06-16 00:00:00,104.0,106.0,105.0,
124,124,106,Stumpys Brother,2014-06-17 00:00:00,104.0,106.0,104.0,
125,125,108,Stumpys Brother,2014-08-12 00:00:00,90.0,90.0,91.0,
126,126,109,Stumpys Brother,2014-08-18 00:00:00,77.0,77.0,78.0,
127,127,112,Stumpys Brother,2014-09-22 00:00:00,78.0,78.0,79.0,
128,128,112,Stumpys Brother,2014-09-23 00:00:00,85.0,85.0,85.0,
129,129,115,Stumpys Brother,2014-10-30 00:00:00,82.0,82.0,82.0,
130,130,115,Stumpys Brother,2014-10-31 00:00:00,84.0,84.0,93.0,
131,131,116,Stumpys Brother,2014-11-28 00:00:00,90.0,92.0,88.0,
132,132,116,Stumpys Brother,2014-11-29 00:00:00,83.0,84.0,83.0,
133,133,117,Stumpys Brother,2014-12-29 00:00:00,88.0,85.0,80.0,
134,134,117,Stumpys Brother,2014-12-30 00:00:00,94.0,96.0,93.0,
135,135,119,Stumpys Brother,2015-01-30 00:00:00,80.0,77.0,81.0,
136,136,119,Stumpys Brother,2015-01-31 00:00:00,85.0,85.0,86.0,
137,137,120,Stumpys Brother,2015-02-27 00:00:00,90.0,90.0,89.0,
138,138,120,Stumpys Brother,2015-02-28 00:00:00,88.0,89.0,88.0,
139,139,121,Stumpys Brother,2015-03-27 00:00:00,87.0,87.0,88.0,
140,140,121,Stumpys Brother,2015-03-28 00:00:00,85.0,85.0,84.0,
141,141,60,Amidala,2011-11-22 00:00:00,1440.0,1392.0,1440.0,
142,142,78,Amidala,2013-01-16 00:00:00,74.0,76.0,78.0,
143,143,80,Amidala,2013-02-19 00:00:00,84.0,82.0,81.0,
144,144,81,Amidala,2013-03-18 00:00:00,157.0,157.0,157.0,
145,145,81,Amidala,2013-03-19 00:00:00,171.0,172.0,172.0,
146,146,82,Amidala,2013-04-22 00:00:00,230.0,229.0,229.0,
147,147,82,Amidala,2013-04-23 00:00:00,258.0,256.0,258.0,
148,148,9,Station 1,2008-09-22 00:00:00,45.0,43.0,43.0,
149,149,9,Station 1,2008-09-23 00:00:00,45.0,46.0,47.0,
150,150,10,Station 1,2008-10-20 00:00:00,42.0,42.0,41.0,
151,151,10,Station 1,2008-10-21 00:00:00,42.0,,,
152,152,11,Station 1,2008-11-17 00:00:00,42.0,,,
153,153,11,Station 1,2008-11-18 00:00:00,43.0,,,
154,154,12,Station 1,2008-12-15 00:00:00,52.0,51.0,,
155,155,12,Station 1,2008-12-16 00:00:00,72.0,,,
156,156,13,Station 1,2009-01-12 00:00:00,180.0,,,
157,157,13,Station 1,2009-01-13 00:00:00,348.0,348.0,,
158,158,14,Station 1,2009-02-17 00:00:00,,,,drip interval >5 min
159,159,14,Station 1,2009-02-18 00:00:00,,,,drip interval >5 min
160,160,16,Station 1,2009-03-16 00:00:00,50.0,50.0,50.0,
161,161,16,Station 1,2009-03-17 00:00:00,90.0,90.0,90.0,
162,162,17,Station 1,2009-04-13 00:00:00,96.0,94.0,96.0,
163,163,17,Station 1,2009-04-14 00:00:00,98.0,99.0,99.0,
164,164,19,Station 1,2009-05-12 00:00:00,74.0,74.0,74.0,
165,165,19,Station 1,2009-05-13 00:00:00,66.0,66.0,,
166,166,20,Station 1,2009-06-11 00:00:00,117.0,113.0,116.0,
167,167,20,Station 1,2009-06-12 00:00:00,,,,
168,168,22,Station 1,2009-07-14 00:00:00,136.0,137.0,133.0,
169,169,22,Station 1,2009-07-15 00:00:00,107.0,107.0,105.0,
170,170,23,Station 1,2009-08-21 00:00:00,52.0,43.0,122.0,
171,171,23,Station 1,2009-08-22 00:00:00,51.0,41.0,61.0,
172,172,25,Station 1,2009-09-21 00:00:00,31.0,30.0,31.0,
173,173,25,Station 1,2009-09-22 00:00:00,29.0,30.0,30.0,
174,174,25,Station 1,2009-10-19 00:00:00,35.0,38.0,36.0,
175,175,26,Station 1,2009-10-21 00:00:00,37.0,38.0,37.0,
176,176,28,Station 1,2009-11-23 00:00:00,38.0,37.0,39.0,
177,177,28,Station 1,2009-11-24 00:00:00,36.0,37.0,36.0,
178,178,29,Station 1,2009-12-21 00:00:00,32.0,31.0,33.0,
179,179,29,Station 1,2009-12-22 00:00:00,32.0,31.0,31.0,
180,180,30,Station 1,2010-01-25 00:00:00,37.0,37.0,36.0,
181,181,30,Station 1,2010-01-26 00:00:00,37.0,38.0,37.0,
182,182,30,Station 1,2010-02-01 00:00:00,,,,
183,183,30,Station 1,2010-02-01 00:00:00,,,,
184,184,31,Station 1,2010-03-01 00:00:00,42.0,41.0,45.0,
185,185,31,Station 1,2010-03-02 00:00:00,57.0,47.0,,
186,186,33,Station 1,2010-04-05 00:00:00,,,,
187,187,33,Station 1,2010-04-06 00:00:00,,,,
188,188,34,Station 1,2010-05-03 00:00:00,,,,
189,189,34,Station 1,2010-05-04 00:00:00,129.0,128.0,124.0,
190,190,35,Station 1,2010-06-07 00:00:00,120.0,119.0,120.0,
191,191,35,Station 1,2010-06-08 00:00:00,200.0,191.0,185.0,
192,192,36,Station 1,2010-07-12 00:00:00,115.0,118.0,113.0,
193,193,36,Station 1,2010-07-13 00:00:00,105.0,106.0,105.0,
194,194,38,Station 1,2010-08-16 00:00:00,103.0,104.0,106.0,
195,195,38,Station 1,2010-08-17 00:00:00,108.0,108.0,108.0,
196,196,39,Station 1,2010-09-27 00:00:00,148.0,148.0,144.0,
197,197,39,Station 1,2010-09-28 00:00:00,164.0,167.0,166.0,
198,198,41,Station 1,2010-10-25 00:00:00,45.0,40.0,41.0,
199,199,41,Station 1,2010-10-26 00:00:00,51.0,52.0,52.0,
200,200,42,Station 1,2010-11-22 00:00:00,37.0,37.0,37.0,
201,201,42,Station 1,2010-11-23 00:00:00,41.0,43.0,42.0,
202,202,44,Station 1,2010-12-20 00:00:00,51.0,50.0,51.0,
203,203,44,Station 1,2010-12-21 00:00:00,39.0,39.0,38.0,
204,204,45,Station 1,2011-01-24 00:00:00,140.0,134.0,134.0,
205,205,45,Station 1,2011-01-25 00:00:00,127.0,125.0,123.0,
206,206,46,Station 1,2011-02-21 00:00:00,38.0,39.0,38.0,
207,207,46,Station 1,2011-02-22 00:00:00,38.0,40.0,39.0,
208,208,47,Station 1,2011-03-28 00:00:00,76.0,72.0,76.0,
209,209,47,Station 1,2011-03-29 00:00:00,56.0,55.0,55.0,
210,210,49,Station 1,2011-04-25 00:00:00,356.0,353.0,335.0,
211,211,49,Station 1,2011-04-26 00:00:00,141.0,143.0,141.0,
212,212,52,Station 1,2011-05-23 00:00:00,63.0,64.0,63.0,
213,213,52,Station 1,2011-05-24 00:00:00,52.0,52.0,52.0,
214,214,53,Station 1,2011-06-20 00:00:00,107.0,104.0,104.0,
215,215,53,Station 1,2011-06-21 00:00:00,117.0,118.0,118.0,
216,216,54,Station 1,2011-07-18 00:00:00,96.0,98.0,99.0,
217,217,54,Station 1,2011-07-19 00:00:00,108.0,108.0,108.0,
218,218,56,Station 1,2011-08-29 00:00:00,28.0,28.0,28.0,
219,219,56,Station 1,2011-08-30 00:00:00,29.0,30.0,30.0,
220,220,57,Station 1,2011-09-26 00:00:00,19.0,19.0,19.0,
221,221,57,Station 1,2011-09-27 00:00:00,20.0,20.0,20.0,
222,222,59,Station 1,2011-10-24 00:00:00,43.0,44.0,44.0,
223,223,59,Station 1,2011-10-25 00:00:00,44.0,45.0,45.0,
224,224,60,Station 1,2011-11-21 00:00:00,79.0,77.0,76.0,
225,225,60,Station 1,2011-11-22 00:00:00,76.0,76.0,76.0,
226,226,61,Station 1,2011-12-19 00:00:00,44.0,44.0,44.0,
227,227,61,Station 1,2011-12-20 00:00:00,45.0,46.0,45.0,
228,228,63,Station 1,2012-01-23 00:00:00,46.0,46.0,46.0,
229,229,63,Station 1,2012-01-24 00:00:00,47.0,48.0,48.0,
230,230,64,Station 1,2012-02-27 00:00:00,74.0,77.0,75.0,
231,231,64,Station 1,2012-02-28 00:00:00,77.0,78.0,78.0,
232,232,65,Station 1,2012-03-26 00:00:00,1066.0,1013.0,857.0,
233,233,65,Station 1,2012-03-27 00:00:00,1181.0,1016.0,756.0,
234,234,66,Station 1,2012-04-23 00:00:00,,,,drip interval >5 min
235,235,66,Station 1,2012-04-24 00:00:00,,,,
236,236,68,Station 1,2012-05-21 00:00:00,,,,
237,237,68,Station 1,2012-05-22 00:00:00,,,,drip interval >5 min
238,238,69,Station 1,2012-06-28 00:00:00,,,,drip interval >5 min
239,239,69,Station 1,2012-06-29 00:00:00,,,,
240,240,70,Station 1,2012-08-02 00:00:00,,,,drip interval >5 min
241,241,70,Station 1,2012-08-03 00:00:00,,,,
242,242,72,Station 1,2012-08-27 00:00:00,43.0,43.0,44.0,
243,243,72,Station 1,2012-08-28 00:00:00,51.0,51.0,51.0,
244,244,73,Station 1,2012-09-24 00:00:00,56.0,58.0,56.0,
245,245,73,Station 1,2012-09-25 00:00:00,44.0,44.0,43.0,
246,246,74,Station 1,2012-10-22 00:00:00,51.0,52.0,52.0,
247,247,74,Station 1,2012-10-23 00:00:00,54.0,53.0,55.0,
248,248,76,Station 1,2012-11-19 00:00:00,89.0,89.0,87.0,
249,249,76,Station 1,2012-11-20 00:00:00,80.0,80.0,80.0,
250,250,77,Station 1,2012-12-21 00:00:00,,,,drip interval >5 min
251,251,77,Station 1,2012-12-22 00:00:00,129.0,129.0,128.0,
252,252,78,Station 1,2013-01-15 00:00:00,,,,drip interval >5 min
253,253,78,Station 1,2013-01-16 00:00:00,,,,
254,254,80,Station 1,2013-02-18 00:00:00,,,,drip interval >5 min
255,255,80,Station 1,2013-02-19 00:00:00,,,,
256,256,81,Station 1,2013-03-18 00:00:00,,,,drip interval >5 min
257,257,81,Station 1,2013-03-19 00:00:00,,,,
258,258,82,Station 1,2013-04-22 00:00:00,,,,drip interval >5 min
259,259,82,Station 1,2013-04-23 00:00:00,,,,
260,260,84,Station 1,2013-05-20 00:00:00,,,,drip interval >5 min
261,261,84,Station 1,2013-05-21 00:00:00,,,,
262,262,85,Station 1,2013-06-25 00:00:00,,,,drip interval >5 min
263,263,85,Station 1,2013-06-26 00:00:00,,,,
264,264,87,Station 1,2013-07-29 00:00:00,,,,drip interval >5 min
265,265,87,Station 1,2013-07-30 00:00:00,,,,
266,266,88,Station 1,2013-08-26 00:00:00,,,,drip interval >5 min
267,267,88,Station 1,2013-08-27 00:00:00,,,,
268,268,89,Station 1,2013-09-23 00:00:00,,,,
269,269,89,Station 1,2013-09-24 00:00:00,61.0,61.0,61.0,
270,270,91,Station 1,2013-10-21 00:00:00,41.0,41.0,,
271,271,91,Station 1,2013-10-22 00:00:00,41.0,43.0,42.0,
272,272,93,Station 1,2013-11-18 00:00:00,42.0,44.0,41.0,
273,273,93,Station 1,2013-11-19 00:00:00,42.0,42.0,42.0,
274,274,94,Station 1,2013-12-16 00:00:00,87.0,88.0,87.0,
275,275,94,Station 1,2013-12-17 00:00:00,80.0,80.0,80.0,
276,276,95,Station 1,2014-01-21 00:00:00,,,,
277,277,95,Station 1,2014-01-22 00:00:00,107.0,105.0,105.0,
278,278,98,Station 1,2014-02-17 00:00:00,91.0,92.0,93.0,
279,279,98,Station 1,2014-02-18 00:00:00,110.0,110.0,111.0,
280,280,99,Station 1,2014-03-17 00:00:00,116.0,110.0,108.0,
281,281,99,Station 1,2014-03-18 00:00:00,105.0,115.0,120.0,
282,282,100,Station 1,2014-04-22 00:00:00,446.0,,,
283,283,100,Station 1,2014-04-23 00:00:00,410.0,,,
284,284,104,Station 1,2014-05-22 00:00:00,,,,drip interval >5 min
285,285,104,Station 1,2014-05-23 00:00:00,,,,
286,286,106,Station 1,2014-06-16 00:00:00,,,,drip interval >5 min
287,287,106,Station 1,2014-06-17 00:00:00,,,,
288,288,109,Station 1,2014-08-12 00:00:00,56.0,57.0,56.0,
289,289,109,Station 1,2014-08-18 00:00:00,62.0,65.0,63.0,
290,290,112,Station 1,2014-09-22 00:00:00,61.0,62.0,63.0,
291,291,112,Station 1,2014-09-23 00:00:00,76.0,76.0,76.0,
292,292,115,Station 1,2014-10-30 00:00:00,59.0,59.0,58.0,
293,293,115,Station 1,2014-10-31 00:00:00,58.0,59.0,59.0,
294,294,116,Station 1,2014-11-28 00:00:00,87.0,90.0,85.0,
295,295,116,Station 1,2014-11-29 00:00:00,99.0,99.0,102.0,
296,296,117,Station 1,2014-12-29 00:00:00,82.0,79.0,78.0,
297,297,117,Station 1,2014-12-30 00:00:00,91.0,94.0,93.0,
298,298,119,Station 1,2015-01-30 00:00:00,59.0,60.0,60.0,
299,299,119,Station 1,2015-01-31 00:00:00,55.0,55.0,55.0,
300,300,120,Station 1,2015-02-27 00:00:00,74.0,74.0,74.0,
301,301,120,Station 1,2015-02-28 00:00:00,73.0,74.0,74.0,
302,302,121,Station 1,2015-03-27 00:00:00,118.0,117.0,117.0,
303,303,121,Station 1,2015-03-28 00:00:00,152.0,154.0,159.0,
304,304,9,Station 2,2008-09-22 00:00:00,30.0,30.0,30.0,
305,305,9,Station 2,2008-09-23 00:00:00,29.0,29.0,29.0,
306,306,10,Station 2,2008-10-20 00:00:00,33.0,,,
307,307,10,Station 2,2008-10-21 00:00:00,34.0,,,
308,308,11,Station 2,2008-11-17 00:00:00,39.0,40.0,,
309,309,11,Station 2,2008-11-18 00:00:00,42.0,,,
310,310,12,Station 2,2008-12-15 00:00:00,42.0,,,
311,311,12,Station 2,2008-12-16 00:00:00,44.0,44.0,44.0,
312,312,13,Station 2,2009-01-12 00:00:00,47.0,48.0,49.0,
313,313,13,Station 2,2009-01-13 00:00:00,50.0,50.0,50.0,
314,314,14,Station 2,2009-02-17 00:00:00,52.0,52.0,51.0,
315,315,14,Station 2,2009-02-18 00:00:00,52.0,53.0,53.0,
316,316,16,Station 2,2009-03-16 00:00:00,55.0,56.0,56.0,
317,317,16,Station 2,2009-03-17 00:00:00,55.0,56.0,56.0,
318,318,17,Station 2,2009-04-13 00:00:00,73.0,73.0,72.0,
319,319,17,Station 2,2009-04-14 00:00:00,74.0,73.0,74.0,
320,320,19,Station 2,2009-05-12 00:00:00,79.0,79.0,79.0,
321,321,19,Station 2,2009-05-13 00:00:00,79.0,79.0,,
322,322,20,Station 2,2009-06-11 00:00:00,81.0,83.0,81.0,
323,323,22,Station 2,2009-07-14 00:00:00,80.0,80.0,80.0,
324,324,22,Station 2,2009-07-15 00:00:00,79.0,79.0,80.0,
325,325,23,Station 2,2009-08-21 00:00:00,61.0,63.0,62.0,
326,326,23,Station 2,2009-08-22 00:00:00,62.0,62.0,62.0,
327,327,25,Station 2,2009-09-21 00:00:00,46.0,50.0,40.0,
328,328,25,Station 2,2009-09-22 00:00:00,45.0,46.0,45.0,
329,329,25,Station 2,2009-10-19 00:00:00,48.0,49.0,49.0,
330,330,26,Station 2,2009-10-21 00:00:00,51.0,51.0,50.0,
331,331,28,Station 2,2009-11-23 00:00:00,57.0,55.0,60.0,
332,332,28,Station 2,2009-11-24 00:00:00,57.0,57.0,58.0,
333,333,29,Station 2,2009-12-21 00:00:00,60.0,60.0,60.0,
334,334,29,Station 2,2009-12-22 00:00:00,58.0,59.0,58.0,
335,335,30,Station 2,2010-01-25 00:00:00,62.0,62.0,63.0,
336,336,30,Station 2,2010-01-26 00:00:00,62.0,62.0,61.0,
337,337,31,Station 2,2010-03-01 00:00:00,72.0,72.0,71.0,
338,338,31,Station 2,2010-03-02 00:00:00,71.0,70.0,71.0,
339,339,33,Station 2,2010-04-05 00:00:00,80.0,79.0,81.0,
340,340,33,Station 2,2010-04-06 00:00:00,81.0,80.0,80.0,
341,341,34,Station 2,2010-05-03 00:00:00,82.0,82.0,81.0,
342,342,34,Station 2,2010-05-04 00:00:00,80.0,80.0,80.0,
343,343,35,Station 2,2010-06-07 00:00:00,87.0,90.0,85.0,
344,344,35,Station 2,2010-06-08 00:00:00,81.0,81.0,81.0,
345,345,36,Station 2,2010-07-12 00:00:00,80.0,83.0,81.0,
346,346,36,Station 2,2010-07-13 00:00:00,86.0,85.0,85.0,
347,347,38,Station 2,2010-08-16 00:00:00,89.0,88.0,89.0,
348,348,38,Station 2,2010-08-17 00:00:00,83.0,84.0,84.0,
349,349,39,Station 2,2010-09-27 00:00:00,88.0,87.0,87.0,
350,350,39,Station 2,2010-09-28 00:00:00,91.0,92.0,91.0,
351,351,41,Station 2,2010-10-25 00:00:00,89.0,90.0,90.0,
352,352,41,Station 2,2010-10-26 00:00:00,90.0,90.0,90.0,
353,353,42,Station 2,2010-11-22 00:00:00,118.0,118.0,119.0,
354,354,42,Station 2,2010-11-23 00:00:00,59.0,59.0,59.0,
355,355,44,Station 2,2010-12-20 00:00:00,66.0,67.0,65.0,
356,356,44,Station 2,2010-12-21 00:00:00,65.0,65.0,66.0,
357,357,45,Station 2,2011-01-24 00:00:00,82.0,81.0,82.0,
358,358,45,Station 2,2011-01-25 00:00:00,80.0,78.0,80.0,
359,359,46,Station 2,2011-02-21 00:00:00,76.0,77.0,76.0,
360,360,46,Station 2,2011-02-22 00:00:00,72.0,74.0,74.0,
361,361,47,Station 2,2011-03-28 00:00:00,71.0,71.0,72.0,
362,362,47,Station 2,2011-03-29 00:00:00,71.0,73.0,72.0,
363,363,49,Station 2,2011-04-25 00:00:00,79.0,81.0,80.0,
364,364,49,Station 2,2011-04-26 00:00:00,82.0,80.0,81.0,
365,365,52,Station 2,2011-05-23 00:00:00,76.0,78.0,76.0,
366,366,52,Station 2,2011-05-24 00:00:00,77.0,77.0,77.0,
367,367,53,Station 2,2011-06-20 00:00:00,85.0,87.0,87.0,
368,368,53,Station 2,2011-06-21 00:00:00,84.0,86.0,81.0,
369,369,54,Station 2,2011-07-18 00:00:00,87.0,87.0,86.0,
370,370,54,Station 2,2011-07-19 00:00:00,89.0,88.0,89.0,
371,371,56,Station 2,2011-08-29 00:00:00,68.0,68.0,70.0,
372,372,56,Station 2,2011-08-30 00:00:00,67.0,68.0,67.0,
373,373,57,Station 2,2011-09-26 00:00:00,66.0,66.0,66.0,
374,374,57,Station 2,2011-09-27 00:00:00,66.0,66.0,66.0,
375,375,59,Station 2,2011-10-24 00:00:00,67.0,67.0,67.0,
376,376,59,Station 2,2011-10-25 00:00:00,69.0,69.0,69.0,
377,377,60,Station 2,2011-11-21 00:00:00,67.0,67.0,68.0,
378,378,60,Station 2,2011-11-22 00:00:00,70.0,70.0,70.0,
379,379,61,Station 2,2011-12-19 00:00:00,79.0,80.0,80.0,
380,380,61,Station 2,2011-12-20 00:00:00,80.0,81.0,81.0,
381,381,63,Station 2,2012-01-23 00:00:00,81.0,82.0,81.0,
382,382,63,Station 2,2012-01-24 00:00:00,83.0,83.0,83.0,
383,383,64,Station 2,2012-02-27 00:00:00,83.0,85.0,84.0,
384,384,64,Station 2,2012-02-28 00:00:00,84.0,84.0,85.0,
385,385,65,Station 2,2012-03-26 00:00:00,96.0,96.0,95.0,
386,386,65,Station 2,2012-03-27 00:00:00,94.0,95.0,95.0,
387,387,66,Station 2,2012-04-23 00:00:00,98.0,98.0,98.0,
388,388,66,Station 2,2012-04-24 00:00:00,98.0,98.0,99.0,
389,389,68,Station 2,2012-05-21 00:00:00,108.0,107.0,107.0,
390,390,68,Station 2,2012-05-22 00:00:00,106.0,106.0,107.0,
391,391,69,Station 2,2012-06-28 00:00:00,115.0,116.0,115.0,
392,392,69,Station 2,2012-06-29 00:00:00,115.0,116.0,115.0,
393,393,70,Station 2,2012-08-02 00:00:00,126.0,127.0,128.0,
394,394,70,Station 2,2012-08-03 00:00:00,121.0,120.0,121.0,
395,395,72,Station 2,2012-08-27 00:00:00,93.0,94.0,93.0,
396,396,72,Station 2,2012-08-28 00:00:00,92.0,92.0,91.0,
397,397,73,Station 2,2012-09-24 00:00:00,85.0,85.0,86.0,
398,398,73,Station 2,2012-09-25 00:00:00,87.0,88.0,87.0,
399,399,74,Station 2,2012-10-22 00:00:00,78.0,80.0,79.0,
400,400,74,Station 2,2012-10-23 00:00:00,81.0,81.0,81.0,
401,401,76,Station 2,2012-11-19 00:00:00,96.0,97.0,96.0,
402,402,76,Station 2,2012-11-20 00:00:00,96.0,97.0,97.0,
403,403,77,Station 2,2012-12-21 00:00:00,105.0,105.0,105.0,
404,404,77,Station 2,2012-12-22 00:00:00,103.0,103.0,102.0,
405,405,78,Station 2,2013-01-15 00:00:00,114.0,114.0,114.0,
406,406,78,Station 2,2013-01-16 00:00:00,110.0,112.0,311.0,
407,407,80,Station 2,2013-02-18 00:00:00,113.0,114.0,114.0,
408,408,80,Station 2,2013-02-19 00:00:00,118.0,118.0,118.0,
409,409,81,Station 2,2013-03-18 00:00:00,125.0,126.0,125.0,
410,410,81,Station 2,2013-03-19 00:00:00,123.0,122.0,123.0,
411,411,82,Station 2,2013-04-22 00:00:00,131.0,131.0,132.0,
412,412,82,Station 2,2013-04-23 00:00:00,134.0,135.0,134.0,
413,413,84,Station 2,2013-05-20 00:00:00,135.0,135.0,135.0,
414,414,84,Station 2,2013-05-21 00:00:00,133.0,134.0,134.0,
415,415,85,Station 2,2013-06-25 00:00:00,134.0,133.0,135.0,
416,416,85,Station 2,2013-06-26 00:00:00,136.0,137.0,137.0,
417,417,87,Station 2,2013-07-29 00:00:00,134.0,134.0,134.0,
418,418,87,Station 2,2013-07-30 00:00:00,135.0,135.0,135.0,
419,419,88,Station 2,2013-08-26 00:00:00,135.0,136.0,135.0,
420,420,88,Station 2,2013-08-27 00:00:00,136.0,137.0,138.0,
421,421,89,Station 2,2013-09-23 00:00:00,136.0,135.0,134.0,
422,422,89,Station 2,2013-09-24 00:00:00,130.0,131.0,131.0,
423,423,91,Station 2,2013-10-21 00:00:00,80.0,80.0,80.0,
424,424,91,Station 2,2013-10-22 00:00:00,81.0,81.0,81.0,
425,425,93,Station 2,2013-11-18 00:00:00,79.0,79.0,77.0,
426,426,93,Station 2,2013-11-19 00:00:00,75.0,77.0,77.0,
427,427,94,Station 2,2013-12-16 00:00:00,90.0,90.0,90.0,
428,428,94,Station 2,2013-12-17 00:00:00,92.0,91.0,92.0,
429,429,95,Station 2,2014-01-21 00:00:00,98.0,98.0,98.0,
430,430,95,Station 2,2014-01-22 00:00:00,96.0,92.0,94.0,
431,431,98,Station 2,2014-02-17 00:00:00,79.0,80.0,79.0,
432,432,98,Station 2,2014-02-18 00:00:00,82.0,83.0,83.0,
433,433,99,Station 2,2014-03-17 00:00:00,91.0,91.0,91.0,
434,434,99,Station 2,2014-03-18 00:00:00,94.0,94.0,94.0,
435,435,100,Station 2,2014-04-22 00:00:00,108.0,109.0,110.0,
436,436,100,Station 2,2014-04-23 00:00:00,107.0,108.0,107.0,
437,437,104,Station 2,2014-05-22 00:00:00,109.0,109.0,109.0,
438,438,104,Station 2,2014-05-23 00:00:00,107.0,109.0,131.0,
439,439,106,Station 2,2014-06-16 00:00:00,112.0,113.0,113.0,
440,440,106,Station 2,2014-06-17 00:00:00,112.0,113.0,112.0,
441,441,109,Station 2,2014-08-12 00:00:00,175.0,,,
442,442,109,Station 2,2014-08-18 00:00:00,85.0,83.0,84.0,
443,443,112,Station 2,2014-09-22 00:00:00,90.0,92.0,90.0,
444,444,112,Station 2,2014-09-23 00:00:00,94.0,95.0,95.0,
445,445,115,Station 2,2014-10-30 00:00:00,99.0,99.0,99.0,
446,446,115,Station 2,2014-10-31 00:00:00,97.0,97.0,97.0,
447,447,116,Station 2,2014-11-28 00:00:00,102.0,102.0,101.0,
448,448,116,Station 2,2014-11-29 00:00:00,100.0,101.0,101.0,
449,449,117,Station 2,2014-12-29 00:00:00,111.0,111.0,110.0,
450,450,117,Station 2,2014-12-30 00:00:00,110.0,111.0,110.0,
451,451,119,Station 2,2015-01-30 00:00:00,96.0,97.0,96.0,
452,452,119,Station 2,2015-01-31 00:00:00,96.0,95.0,94.0,
453,453,120,Station 2,2015-02-27 00:00:00,96.0,94.0,95.0,
454,454,120,Station 2,2015-02-28 00:00:00,96.0,94.0,94.0,
455,455,121,Station 2,2015-03-27 00:00:00,113.0,112.0,112.0,
456,456,121,Station 2,2015-03-28 00:00:00,116.0,116.0,116.0,
457,457,9,Flatman,2008-09-22 00:00:00,14.0,14.0,14.0,
458,458,9,Flatman,2008-09-23 00:00:00,11.0,,,
459,459,10,Flatman,2008-10-20 00:00:00,12.0,,,
460,460,11,Flatman,2008-11-17 00:00:00,11.0,,,
461,461,11,Flatman,2008-11-18 00:00:00,12.0,,,
462,462,12,Flatman,2008-12-15 00:00:00,24.0,,,
463,463,12,Flatman,2008-12-16 00:00:00,25.0,,,
464,464,13,Flatman,2009-01-12 00:00:00,14.0,14.0,14.0,
465,465,13,Flatman,2009-01-13 00:00:00,14.0,14.0,14.0,
466,466,14,Flatman,2009-02-17 00:00:00,4.0,4.0,4.0,
467,467,14,Flatman,2009-02-18 00:00:00,15.0,15.0,15.0,
468,468,16,Flatman,2009-03-16 00:00:00,20.0,20.0,20.0,
469,469,16,Flatman,2009-03-17 00:00:00,20.0,19.0,20.0,
470,470,17,Flatman,2009-04-13 00:00:00,23.0,22.0,23.0,
471,471,17,Flatman,2009-04-14 00:00:00,24.0,26.0,24.0,
472,472,19,Flatman,2009-05-12 00:00:00,24.0,,,
473,473,19,Flatman,2009-05-13 00:00:00,23.0,24.0,24.0,
474,474,20,Flatman,2009-06-11 00:00:00,24.0,24.0,25.0,
475,475,22,Flatman,2009-07-14 00:00:00,26.0,28.0,28.0,
476,476,22,Flatman,2009-07-15 00:00:00,26.0,29.0,27.0,
477,477,23,Flatman,2009-08-21 00:00:00,10.0,9.0,10.0,
478,478,23,Flatman,2009-08-22 00:00:00,10.0,10.0,10.0,
479,479,25,Flatman,2009-09-21 00:00:00,10.0,12.0,11.0,
480,480,25,Flatman,2009-09-22 00:00:00,10.0,11.0,12.0,
481,481,25,Flatman,2009-10-19 00:00:00,12.0,11.0,10.0,
482,482,26,Flatman,2009-10-21 00:00:00,11.0,11.0,11.0,
483,483,28,Flatman,2009-11-23 00:00:00,12.0,11.0,11.0,
484,484,28,Flatman,2009-11-24 00:00:00,11.0,11.0,12.0,
485,485,29,Flatman,2009-12-21 00:00:00,11.0,11.0,12.0,
486,486,29,Flatman,2009-12-22 00:00:00,11.0,12.0,11.0,
487,487,30,Flatman,2010-01-25 00:00:00,11.0,12.0,12.0,
488,488,30,Flatman,2010-01-26 00:00:00,12.0,11.0,12.0,
489,489,31,Flatman,2010-03-01 00:00:00,11.0,12.0,12.0,
490,490,31,Flatman,2010-03-02 00:00:00,12.0,12.0,11.0,
491,491,33,Flatman,2010-04-05 00:00:00,14.0,13.0,14.0,
492,492,33,Flatman,2010-04-06 00:00:00,14.0,13.0,14.0,
493,493,34,Flatman,2010-05-03 00:00:00,17.0,17.0,17.0,
494,494,34,Flatman,2010-05-04 00:00:00,17.0,17.0,18.0,
495,495,35,Flatman,2010-06-07 00:00:00,22.0,22.0,21.0,
496,496,35,Flatman,2010-06-08 00:00:00,21.0,22.0,22.0,
497,497,36,Flatman,2010-07-12 00:00:00,23.0,24.0,24.0,
498,498,36,Flatman,2010-07-13 00:00:00,23.0,24.0,24.0,
499,499,38,Flatman,2010-08-16 00:00:00,24.0,25.0,24.0,
500,500,38,Flatman,2010-08-17 00:00:00,24.0,24.0,25.0,
501,501,39,Flatman,2010-09-27 00:00:00,26.0,26.0,26.0,
502,502,39,Flatman,2010-09-28 00:00:00,27.0,28.0,27.0,
503,503,41,Flatman,2010-10-25 00:00:00,28.0,28.0,28.0,
504,504,41,Flatman,2010-10-26 00:00:00,29.0,29.0,29.0,
505,505,42,Flatman,2010-11-22 00:00:00,11.0,11.0,11.0,
506,506,42,Flatman,2010-11-23 00:00:00,11.0,11.0,11.0,
507,507,44,Flatman,2010-12-20 00:00:00,13.0,14.0,13.0,
508,508,44,Flatman,2010-12-21 00:00:00,14.0,14.0,14.0,
509,509,45,Flatman,2011-01-24 00:00:00,17.0,17.0,18.0,
510,510,45,Flatman,2011-01-25 00:00:00,17.0,17.0,17.0,
511,511,46,Flatman,2011-02-21 00:00:00,15.0,15.0,15.0,
512,512,46,Flatman,2011-02-22 00:00:00,15.0,15.0,15.0,
513,513,47,Flatman,2011-03-28 00:00:00,13.0,14.0,14.0,
514,514,47,Flatman,2011-03-29 00:00:00,14.0,14.0,14.0,
515,515,49,Flatman,2011-04-25 00:00:00,13.0,13.0,13.0,
516,516,49,Flatman,2011-04-26 00:00:00,13.0,13.0,13.0,
517,517,52,Flatman,2011-05-23 00:00:00,11.0,13.0,11.0,
518,518,52,Flatman,2011-05-24 00:00:00,12.0,11.0,12.0,
519,519,53,Flatman,2011-06-20 00:00:00,14.0,14.0,15.0,
520,520,53,Flatman,2011-06-21 00:00:00,14.0,14.0,15.0,
521,521,54,Flatman,2011-07-18 00:00:00,17.0,18.0,19.0,
522,522,54,Flatman,2011-07-19 00:00:00,18.0,18.0,18.0,
523,523,56,Flatman,2011-08-29 00:00:00,11.0,11.0,11.0,
524,524,56,Flatman,2011-08-30 00:00:00,11.0,11.0,11.0,
525,525,57,Flatman,2011-09-26 00:00:00,11.0,11.0,11.0,
526,526,57,Flatman,2011-09-27 00:00:00,11.0,11.0,11.0,
527,527,59,Flatman,2011-10-24 00:00:00,10.0,11.0,11.0,
528,528,59,Flatman,2011-10-25 00:00:00,10.0,11.0,11.0,
529,529,60,Flatman,2011-11-21 00:00:00,10.0,10.0,10.0,
530,530,60,Flatman,2011-11-22 00:00:00,10.0,10.0,10.0,
531,531,61,Flatman,2011-12-19 00:00:00,11.0,11.0,11.0,
532,532,61,Flatman,2011-12-20 00:00:00,11.0,11.0,11.0,
533,533,63,Flatman,2012-01-23 00:00:00,11.0,12.0,12.0,
534,534,63,Flatman,2012-01-24 00:00:00,11.0,13.0,12.0,
535,535,64,Flatman,2012-02-27 00:00:00,13.0,13.0,13.0,
536,536,64,Flatman,2012-02-28 00:00:00,13.0,13.0,13.0,
537,537,65,Flatman,2012-03-26 00:00:00,16.0,16.0,16.0,
538,538,65,Flatman,2012-03-27 00:00:00,16.0,16.0,16.0,
539,539,66,Flatman,2012-04-23 00:00:00,18.0,19.0,19.0,
540,540,66,Flatman,2012-04-24 00:00:00,18.0,19.0,18.0,
541,541,68,Flatman,2012-05-21 00:00:00,20.0,20.0,20.0,
542,542,68,Flatman,2012-05-22 00:00:00,20.0,20.0,21.0,
543,543,69,Flatman,2012-06-28 00:00:00,23.0,24.0,24.0,
544,544,69,Flatman,2012-06-29 00:00:00,23.0,24.0,24.0,
545,545,70,Flatman,2012-08-02 00:00:00,25.0,25.0,26.0,
546,546,70,Flatman,2012-08-03 00:00:00,25.0,25.0,25.0,
547,547,72,Flatman,2012-08-27 00:00:00,17.0,17.0,17.0,
548,548,72,Flatman,2012-08-28 00:00:00,15.0,13.0,14.0,
549,549,73,Flatman,2012-09-24 00:00:00,12.0,12.0,12.0,
550,550,73,Flatman,2012-09-25 00:00:00,12.0,12.0,12.0,
551,551,74,Flatman,2012-10-22 00:00:00,11.0,11.0,11.0,
552,552,74,Flatman,2012-10-23 00:00:00,11.0,11.0,11.0,
553,553,76,Flatman,2012-11-19 00:00:00,12.0,10.0,11.0,
554,554,76,Flatman,2012-11-20 00:00:00,11.0,11.0,11.0,
555,555,77,Flatman,2012-12-21 00:00:00,11.0,13.0,12.0,
556,556,78,Flatman,2013-01-15 00:00:00,15.0,16.0,16.0,
557,557,78,Flatman,2013-01-16 00:00:00,16.0,16.0,16.0,
558,558,80,Flatman,2013-02-18 00:00:00,18.0,18.0,19.0,
559,559,81,Flatman,2013-03-18 00:00:00,20.0,21.0,21.0,
560,560,81,Flatman,2013-03-19 00:00:00,20.0,21.0,21.0,
561,561,82,Flatman,2013-04-22 00:00:00,23.0,25.0,24.0,
562,562,82,Flatman,2013-04-23 00:00:00,24.0,24.0,24.0,
563,563,84,Flatman,2013-05-20 00:00:00,25.0,26.0,26.0,
564,564,84,Flatman,2013-05-21 00:00:00,25.0,26.0,26.0,
565,565,85,Flatman,2013-06-25 00:00:00,27.0,27.0,28.0,
566,566,85,Flatman,2013-06-26 00:00:00,27.0,27.0,27.0,
567,567,87,Flatman,2013-07-29 00:00:00,26.0,28.0,27.0,
568,568,87,Flatman,2013-07-30 00:00:00,27.0,27.0,28.0,
569,569,88,Flatman,2013-08-26 00:00:00,34.0,35.0,34.0,
570,570,88,Flatman,2013-08-27 00:00:00,35.0,35.0,35.0,
571,571,89,Flatman,2013-09-23 00:00:00,11.0,11.0,11.0,
572,572,89,Flatman,2013-09-24 00:00:00,12.0,12.0,12.0,
573,573,91,Flatman,2013-10-21 00:00:00,10.0,12.0,10.0,
574,574,91,Flatman,2013-10-22 00:00:00,12.0,12.0,12.0,
575,575,93,Flatman,2013-11-18 00:00:00,12.0,12.0,13.0,
576,576,93,Flatman,2013-11-19 00:00:00,23.0,12.0,12.0,
577,577,94,Flatman,2013-12-16 00:00:00,12.0,12.0,12.0,
578,578,94,Flatman,2013-12-17 00:00:00,12.0,12.0,12.0,
579,579,95,Flatman,2014-01-21 00:00:00,15.0,14.0,15.0,
580,580,95,Flatman,2014-01-22 00:00:00,14.0,14.0,14.0,
581,581,98,Flatman,2014-02-17 00:00:00,11.0,12.0,12.0,
582,582,98,Flatman,2014-02-18 00:00:00,12.0,12.0,12.0,
583,583,99,Flatman,2014-03-17 00:00:00,11.0,11.0,12.0,
584,584,99,Flatman,2014-03-18 00:00:00,12.0,11.0,11.0,
585,585,100,Flatman,2014-04-22 00:00:00,16.0,17.0,16.0,
586,586,100,Flatman,2014-04-23 00:00:00,16.0,17.0,16.0,
587,587,104,Flatman,2014-05-22 00:00:00,20.0,20.0,20.0,
588,588,104,Flatman,2014-05-23 00:00:00,20.0,21.0,20.0,
589,589,106,Flatman,2014-06-16 00:00:00,23.0,24.0,23.0,
590,590,106,Flatman,2014-06-17 00:00:00,24.0,24.0,24.0,
591,591,109,Flatman,2014-08-12 00:00:00,12.0,12.0,12.0,
592,592,109,Flatman,2014-08-18 00:00:00,12.0,13.0,10.0,
593,593,112,Flatman,2014-09-22 00:00:00,12.0,12.0,12.0,
594,594,112,Flatman,2014-09-23 00:00:00,11.0,12.0,12.0,
595,595,115,Flatman,2014-10-30 00:00:00,12.0,12.0,12.0,
596,596,115,Flatman,2014-10-31 00:00:00,12.0,12.0,12.0,
597,597,116,Flatman,2014-11-28 00:00:00,10.0,12.0,11.0,
598,598,116,Flatman,2014-11-29 00:00:00,11.0,11.0,10.0,
599,599,117,Flatman,2014-12-29 00:00:00,11.0,11.0,12.0,
600,600,117,Flatman,2014-12-30 00:00:00,11.0,12.0,11.0,
601,601,119,Flatman,2015-01-30 00:00:00,14.0,14.0,14.0,
602,602,119,Flatman,2015-01-31 00:00:00,14.0,14.0,14.0,
603,603,120,Flatman,2015-02-27 00:00:00,12.0,13.0,13.0,
604,604,120,Flatman,2015-02-28 00:00:00,13.0,13.0,13.0,
605,605,121,Flatman,2015-03-27 00:00:00,16.0,16.0,16.0,
606,606,121,Flatman,2015-03-28 00:00:00,16.0,16.0,16.0,
607,607,122,Flatman,2015-05-01 12:03:00,19.0,19.0,19.0,
608,608,122,Station 1,2015-05-01 12:38:00,216.0,196.0,209.0,
609,609,122,Station 2,2015-05-01 12:53:00,118.0,122.0,123.0,
610,610,122,Stumpy,2015-05-01 12:22:00,420.0,419.0,,
611,611,122,Stumpys Brother,2015-05-01 12:20:00,93.0,94.0,93.0,
612,612,123,Flatman,2015-05-29 11:49:00,13.0,13.0,13.0,
613,613,123,Station 1,2015-05-29 12:12:00,55.0,54.0,55.0,
614,614,123,Station 2,2015-05-29 12:14:00,93.0,93.0,93.0,
615,615,123,Stumpys Brother,2015-05-29 12:05:00,85.0,85.0,85.0,
616,616,126,Station 2,2015-06-25 11:04:00,102.0,102.0,102.0,
617,617,126,Flatman,2015-06-25 10:43:00,13.0,13.0,14.0,
618,618,126,Station 1,2015-06-25 11:09:00,106.0,101.0,99.0,
619,619,126,Stumpy,2015-06-25 11:27:00,393.0,,,
620,620,127,Flatman,2015-07-29 10:28:00,12.0,12.0,12.0,
621,621,127,Station 1,2015-07-29 11:08:00,51.0,50.0,50.0,
622,622,127,Station 2,2015-07-29 11:12:00,130.0,130.0,130.0,
623,623,127,Stumpys Brother,2015-07-29 10:49:00,79.0,82.0,79.0,
624,624,130,Flatman,2015-08-31 10:11:00,11.0,12.0,11.0,
625,625,130,Station 1,2015-08-31 10:35:00,101.0,101.0,102.0,
626,626,130,Station 2,2015-08-31 10:25:00,93.0,92.0,92.0,
627,627,130,Stumpys Brother,2015-08-31 10:29:00,87.0,87.0,88.0,
628,628,132,Flatman,2015-09-28 10:36:00,11.0,11.0,11.0,
629,629,132,Station 1,2015-09-28 11:06:00,63.0,62.0,63.0,
630,630,132,Station 2,2015-09-28 11:10:00,86.0,88.0,82.0,
631,631,132,Stumpys Brother,2015-09-28 10:58:00,94.0,93.0,93.0,
632,632,133,Flatman,2015-10-26 10:02:00,10.0,11.0,10.0,
633,633,133,Station 1,2015-10-26 10:20:00,73.0,75.0,73.0,
634,634,133,Station 2,2015-10-26 10:24:00,90.0,93.0,92.0,
635,635,133,Stumpy,2015-10-26 10:37:00,347.0,,,
636,636,133,Stumpys Brother,2015-10-26 10:36:00,90.0,90.0,90.0,
637,637,135,Flatman,2015-11-23 10:40:00,15.0,15.0,15.0,
638,638,135,Station 1,2015-11-23 10:58:00,84.0,84.0,84.0,
639,639,135,Station 2,2015-11-23 10:58:00,101.0,102.0,101.0,
640,640,135,Stumpy,2015-11-23 11:22:00,405.0,,,
641,641,135,Stumpys Brother,2015-11-23 11:21:00,84.0,84.0,84.0,
642,642,138,Flatman,2015-12-21 10:56:00,11.0,12.0,10.0,
643,643,138,Station 1,2015-12-21 11:11:00,61.0,61.0,60.0,
644,644,138,Station 2,2015-12-21 11:12:00,99.0,98.0,99.0,
645,645,138,Stumpy,2015-12-21 11:23:00,365.0,,,
646,646,138,Stumpys Brother,2015-12-21 11:24:00,90.0,91.0,89.0,
647,647,139,Flatman,2016-02-01 10:31:00,15.0,14.0,15.0,
648,648,139,Station 1,2016-02-01 11:05:00,85.0,84.0,81.0,
649,649,139,Station 2,2016-02-01 11:07:00,109.0,110.0,,
650,650,139,Stumpy,2016-02-01 10:50:00,348.0,,,
651,651,139,Stumpys Brother,2016-02-01 10:50:00,90.0,90.0,90.0,
652,652,140,Flatman,2016-02-29 10:48:00,15.0,15.0,15.0,
653,653,140,Station 1,2016-02-29 11:19:00,242.0,248.0,251.0,
654,654,140,Station 2,2016-02-19 11:23:00,115.0,115.0,115.0,
655,655,140,Stumpy,2016-02-29 11:31:00,341.0,,,
656,656,140,Stumpys Brother,2016-02-29 11:30:00,89.0,90.0,91.0,
657,657,141,Flatman,2016-04-04 11:55:00,18.0,18.0,18.0,
658,658,141,Station 1,2016-04-04 11:38:00,469.0,,,
659,659,141,Station 2,2016-04-04 11:24:00,118.0,124.0,124.0,
660,660,141,Stumpy,2016-04-04 11:30:00,371.0,,,
661,661,141,Stumpys Brother,2016-04-04 11:30:00,98.0,99.0,99.0,
662,662,142,Stumpy,2016-05-10 09:22:00,393.0,,,
663,663,142,Stumpys Brother,2016-05-10 09:22:00,103.7,,,
664,664,142,Station 2,2016-05-10 09:15:00,135.0,,,
665,665,142,Flatman,2016-05-10 08:57:00,23.0,,,
