,idGroundwaterSampleDetails,SampleName,SiteName,idFieldTrip,Note
0,0,20080117 ST1,Station 1,0,
1,1,20080124 ST1,Station 1,1,
2,2,20080208 ST1,Station 1,2,
3,3,20080208 ST4,Station 4,2,
4,4,20080229 ST1,Station 1,3,
5,5,20080307 ST1,Station 1,4,
6,6,20080307 ST4,Station 4,4,
7,7,20080314 ST1,Station 1,5,
8,8,20080314 ST4,Station 4,5,
9,9,20080527 ST1,Station 1,6,
10,10,20080527 ST4,Station 4,6,
11,11,20080721 ST1,Station 1,7,
12,12,20080721 ST4,Station 4,7,
13,13,20080815 BHL,Borehole,8,
14,14,20080815 ST4,Station 4,8,
15,15,20080815 ST1,Station 1,8,
16,16,20080923 BHL,Borehole,9,
17,17,20080923 FTM,Flatman,9,
18,18,20080923 BHL,Borehole,9,
19,19,20080923 ST1,Station 1,9,
20,20,20080923 ST2,Station 2,9,
21,21,20080923 ST4,Station 4,9,
22,22,20080923 SMP,Stumpy,9,
23,23,20080923 TRN,Trinity,9,
24,24,20081021 BHL,Borehole,10,
25,25,20081021 FTM,Flatman,10,
26,26,20081021 ST1,Station 1,10,
27,27,20081021 ST2,Station 2,10,
28,28,20081021 ST4,Station 4,10,
29,29,20081021 SMP,Stumpy,10,
30,30,20081021 TRN,Trinity,10,
31,31,20081118 BHL,Borehole,11,
32,32,20081118 FTM,Flatman,11,
33,33,20081118 ST1,Station 1,11,
34,34,20081118 ST2,Station 2,11,
35,35,20081118 ST4,Station 4,11,
36,36,20081118 SMP,Stumpy,11,
37,37,20081118 TRN,Trinity,11,
38,38,20081216 BHL,Borehole,12,
39,39,20081216 FTM,Flatman,12,
40,40,20081216 ST1,Station 1,12,
41,41,20081216 ST2,Station 2,12,
42,42,20081216 ST4,Station 4,12,
43,43,20081216 SMP,Stumpy,12,
44,44,20081216 TRN,Trinity,12,
45,45,20090113 BHL,Borehole,13,
46,46,20090113 FTM,Flatman,13,
47,47,20090113 POL,Pool,13,
48,48,20090113 ST1,Station 1,13,
49,49,20090113 ST2,Station 2,13,
50,50,20090113 ST4,Station 4,13,
51,51,20090113 SMP,Stumpy,13,
52,52,20090113 TRN,Trinity,13,
53,53,20090218 BHL,Borehole,14,
54,54,20090218 FTM,Flatman,14,
55,55,20090218 POL,Pool,14,
56,56,20090218 ST1,Station 1,14,
57,57,20090218 ST2,Station 2,14,
58,58,20090218 ST4,Station 4,14,
59,59,20090218 SMP,Stumpy,14,
60,60,20090218 TRN,Trinity,14,
61,61,20090317 BHL,Borehole,16,
62,62,20090317 FTM,Flatman,16,
63,63,20090317 POL,Pool,16,
64,64,20090317 ST1,Station 1,16,
65,65,20090317 ST2,Station 2,16,
66,66,20090317 ST4,Station 4,16,
67,67,20090317 SMP,Stumpy,16,
68,68,20090317 TRN,Trinity,16,
69,69,20090414 BHL,Borehole,17,
70,70,20090414 FTM,Flatman,17,
71,71,20090414 POL,Pool,17,
72,72,20090414 ST1,Station 1,17,
73,73,20090414 ST2,Station 2,17,
74,74,20090414 ST4,Station 4,17,
75,75,20090414 SMP,Stumpy,17,
76,76,20090414 TRN,Trinity,17,
77,77,20090414 BHL,Borehole,17,
78,78,20090512 BIG,Bigroom,18,
79,79,20090513 AMD,Amidala,19,
80,80,20090513 FTM,Flatman,19,
81,81,20090513 POL,Pool,19,
82,82,20090513 ST1,Station 1,19,
83,83,20090513 ST2,Station 2,19,
84,84,20090513 SMP,Stumpy,19,
85,85,20090513 BRO,Stumpys Brother,19,
86,86,20090513 TRN,Trinity,19,
87,87,20090612 AMD,Amidala,20,
88,88,20090612 FTM,Flatman,20,
89,89,20090612 POL,Pool,20,
90,90,20090612 ST1,Station 1,20,
91,91,20090612 ST2,Station 2,20,
92,92,20090612 SMP,Stumpy,20,
93,93,20090612 BRO,Stumpys Brother,20,
94,94,20090612 TRN,Trinity,20,
95,95,20090715 AMD,Amidala,22,
96,96,20090715 BIG,Bigroom,22,
97,97,20090715 FTM,Flatman,22,
98,98,20090715 POL,Pool,22,
99,99,20090715 ST1,Station 1,22,
100,100,20090715 ST2,Station 2,22,
101,101,20090715 SMP,Stumpy,22,
102,102,20090715 BRO,Stumpys Brother,22,
103,103,20090715 TRN,Trinity,22,
104,104,20090822 FTM,Flatman,23,
105,105,20090822 POL,Pool,23,
106,106,20090822 ST1,Station 1,23,
107,107,20090822 ST2,Station 2,23,
108,108,20090822 SMP,Stumpy,23,
109,109,20090822 BRO,Stumpys Brother,23,
110,110,20090822 TRN,Trinity,23,
111,111,20090822 AMD,Amidala,23,
112,112,20090922 AMD,Amidala,25,
113,113,20090922 FTM,Flatman,25,
114,114,20090922 POL,Pool,25,
115,115,20090922 ST1,Station 1,25,
116,116,20090922 ST2,Station 2,25,
117,117,20090922 SMP,Stumpy,25,
118,118,20090922 BRO,Stumpys Brother,25,
119,119,20090922 TRN,Trinity,25,
120,120,20091021 AMD,Amidala,26,
121,121,20091021 FTM,Flatman,26,
122,122,20091021 POL,Pool,26,
123,123,20091021 ST1,Station 1,26,
124,124,20091021 ST2,Station 2,26,
125,125,20091021 SMP,Stumpy,26,
126,126,20091021 BRO,Stumpys Brother,26,
127,127,20091021 TRN,Trinity,26,
128,128,20091124 FTM,Flatman,28,
129,129,20091124 POL,Pool,28,
130,130,20091124 ST1,Station 1,28,
131,131,20091124 ST2,Station 2,28,
132,132,20091124 SMP,Stumpy,28,
133,133,20091124 BRO,Stumpys Brother,28,
134,134,20091124 TRN,Trinity,28,
135,135,20091124 AMD,Amidala,28,
136,136,20091222 AMD,Amidala,29,
137,137,20091222 FTM,Flatman,29,
138,138,20091222 POL,Pool,29,
139,139,20091222 ST1,Station 1,29,
140,140,20091222 ST2,Station 2,29,
141,141,20091222 SMP,Stumpy,29,
142,142,20091222 BRO,Stumpys Brother,29,
143,143,20091222 TRN,Trinity,29,
144,144,20100126 AMD,Amidala,30,
145,145,20100126 FTM,Flatman,30,
146,146,20100126 POL,Pool,30,
147,147,20100126 ST1,Station 1,30,
148,148,20100126 ST2,Station 2,30,
149,149,20100126 SMP,Stumpy,30,
150,150,20100126 BRO,Stumpys Brother,30,
151,151,20100126 TRN,Trinity,30,
152,152,20100302 AMD,Amidala,31,
153,153,20100302 FTM,Flatman,31,
154,154,20100302 POL,Pool,31,
155,155,20100302 ST1,Station 1,31,
156,156,20100302 ST2,Station 2,31,
157,157,20100302 SMP,Stumpy,31,
158,158,20100302 BRO,Stumpys Brother,31,
159,159,20100302 TRN,Trinity,31,
160,160,20100406 BIG,Bigroom,33,
161,161,20100406 FTM,Flatman,33,
162,162,20100406 POL,Pool,33,
163,163,20100406 ST1,Station 1,33,
164,164,20100406 ST2,Station 2,33,
165,165,20100406 SMP,Stumpy,33,
166,166,20100406 BRO,Stumpys Brother,33,
167,167,20100504 AMD,Amidala,34,
168,168,20100504 FTM,Flatman,34,
169,169,20100504 POL,Pool,34,
170,170,20100504 ST1,Station 1,34,
171,171,20100504 ST2,Station 2,34,
172,172,20100504 SMP,Stumpy,34,
173,173,20100504 BRO,Stumpys Brother,34,
174,174,20100504 TRN,Trinity,34,
175,175,20100608 FTM,Flatman,35,
176,176,20100608 POL,Pool,35,
177,177,20100608 ST1,Station 1,35,
178,178,20100608 ST2,Station 2,35,
179,179,20100608 SMP,Stumpy,35,
180,180,20100608 BRO,Stumpys Brother,35,
181,181,20100608 TRN,Trinity,35,
182,182,20100713 AMD,Amidala,36,
183,183,20100713 FTM,Flatman,36,
184,184,20100713 POL,Pool,36,
185,185,20100713 ST1,Station 1,36,
186,186,20100713 ST2,Station 2,36,
187,187,20100713 SMP,Stumpy,36,
188,188,20100713 BRO,Stumpys Brother,36,
189,189,20100713 TRN,Trinity,36,
190,190,20100817 AMD,Amidala,38,
191,191,20100817 FTM,Flatman,38,
192,192,20100817 POL,Pool,38,
193,193,20100817 ST1,Station 1,38,
194,194,20100817 ST2,Station 2,38,
195,195,20100817 SMP,Stumpy,38,
196,196,20100817 BRO,Stumpys Brother,38,
197,197,20100817 TRN,Trinity,38,
198,198,20100928 AMD,Amidala,39,
199,199,20100928 FTM,Flatman,39,
200,200,20100928 POL,Pool,39,
201,201,20100928 ST1,Station 1,39,
202,202,20100928 ST2,Station 2,39,
203,203,20100928 SMP,Stumpy,39,
204,204,20100928 BRO,Stumpys Brother,39,
205,205,20100928 TRN,Trinity,39,
206,206,20101026 AMD,Amidala,41,
207,207,20101026 FTM,Flatman,41,
208,208,20101026 POL,Pool,41,
209,209,20101026 ST1,Station 1,41,
210,210,20101026 ST2,Station 2,41,
211,211,20101026 SMP,Stumpy,41,
212,212,20101026 BRO,Stumpys Brother,41,
213,213,20101026 TRN,Trinity,41,
214,214,20101123 AMD,Amidala,42,
215,215,20101123 FTM,Flatman,42,
216,216,20101123 POL,Pool,42,
217,217,20101123 ST1,Station 1,42,
218,218,20101123 ST2,Station 2,42,
219,219,20101123 BRO,Stumpys Brother,42,
220,220,20101123 TRN,Trinity,42,
221,221,20101123 SMP,Stumpy,42,
222,222,20101221 AMD,Amidala,44,
223,223,20101221 FTM,Flatman,44,
224,224,20101221 POL,Pool,44,
225,225,20101221 ST1,Station 1,44,
226,226,20101221 ST2,Station 2,44,
227,227,20101221 SMP,Stumpy,44,
228,228,20101221 BRO,Stumpys Brother,44,
229,229,20101221 TRN,Trinity,44,
230,230,20110125 AMD,Amidala,45,
231,231,20110125 FTM,Flatman,45,
232,232,20110125 POL,Pool,45,
233,233,20110125 ST1,Station 1,45,
234,234,20110125 ST2,Station 2,45,
235,235,20110125 BRO,Stumpys Brother,45,
236,236,20110125 SMP,Stumpy,45,
237,237,20110125 TRN,Trinity,45,
238,238,20110222 AMD,Amidala,46,
239,239,20110222 FTM,Flatman,46,
240,240,20110222 POL,Pool,46,
241,241,20110222 ST1,Station 1,46,
242,242,20110222 ST2,Station 2,46,
243,243,20110222 SMP,Stumpy,46,
244,244,20110222 BRO,Stumpys Brother,46,
245,245,20110222 TRN,Trinity,46,
246,246,20110329 AMD,Amidala,47,
247,247,20110329 FTM,Flatman,47,
248,248,20110329 POL,Pool,47,
249,249,20110329 ST1,Station 1,47,
250,250,20110329 ST2,Station 2,47,
251,251,20110329 SMP,Stumpy,47,
252,252,20110329 BRO,Stumpys Brother,47,
253,253,20110329 TRN,Trinity,47,
254,254,20110426 AMD,Amidala,49,
255,255,20110426 FTM,Flatman,49,
256,256,20110426 POL,Pool,49,
257,257,20110426 ST1,Station 1,49,
258,258,20110426 ST2,Station 2,49,
259,259,20110426 BRO,Stumpys Brother,49,
260,260,20110426 TRN,Trinity,49,
261,261,20110426 SMP,Stumpy,49,
262,262,20110503 A03,A03,50,
263,263,20110503 A10,A10,50,
264,264,20110503 A13,A13,50,
265,265,20110503 A15,A15,50,
266,266,20110503 D04,D04,50,
267,267,20110503 D09,D09,50,
268,268,20110503 D10,D10,50,
269,269,20110503 D11,D11,50,
270,270,20110503 D14,D14,50,
271,271,20110503 EX11,EX11,50,
272,272,20110503 M03,M03,50,
273,273,20110503 M04,M04,50,
274,274,20110503 M06,M06,50,
275,275,20110503 M14,M14,50,
276,276,20110520 M01,M01,51,
277,277,20110520 M03,M03,51,
278,278,20110520 M06,M06,51,
279,279,20110520 M07,M07,51,
280,280,20110520 M08,M08,51,
281,281,20110520 M09,M09,51,
282,282,20110520 Y07,Y07,51,
283,283,20110524 AMD,Amidala,52,
284,284,20110524 FTM,Flatman,52,
285,285,20110524 POL,Pool,52,
286,286,20110524 ST1,Station 1,52,
287,287,20110524 ST2,Station 2,52,
288,288,20110524 BRO,Stumpys Brother,52,
289,289,20110524 TRN,Trinity,52,
290,290,20110524 SMP,Stumpy,52,
291,291,20110621 AMD,Amidala,53,
292,292,20110621 FTM,Flatman,53,
293,293,20110621 POL,Pool,53,
294,294,20110621 ST1,Station 1,53,
295,295,20110621 ST2,Station 2,53,
296,296,20110621 BRO,Stumpys Brother,53,
297,297,20110621 TRN,Trinity,53,
298,298,20110621 SMP,Stumpy,53,
299,299,20110719 SMP,Stumpy,54,
300,300,20110719 AMD,Amidala,54,
301,301,20110719 FTM,Flatman,54,
302,302,20110719 POL,Pool,54,
303,303,20110719 ST1,Station 1,54,
304,304,20110719 ST2,Station 2,54,
305,305,20110719 BRO,Stumpys Brother,54,
306,306,20110719 TRN,Trinity,54,
307,307,20110830 AMD,Amidala,56,
308,308,20110830 FTM,Flatman,56,
309,309,20110830 POL,Pool,56,
310,310,20110830 ST1,Station 1,56,
311,311,20110830 ST2,Station 2,56,
312,312,20110830 SMP,Stumpy,56,
313,313,20110830 BRO,Stumpys Brother,56,
314,314,20110830 TRN,Trinity,56,
315,315,20110927 AMD,Amidala,57,
316,316,20110927 FTM,Flatman,57,
317,317,20110927 POL,Pool,57,
318,318,20110927 ST1,Station 1,57,
319,319,20110927 ST2,Station 2,57,
320,320,20110927 SMP,Stumpy,57,
321,321,20110927 BRO,Stumpys Brother,57,
322,322,20110927 TRN,Trinity,57,
323,323,20111025 FTM,Flatman,59,
324,324,20111025 POL,Pool,59,
325,325,20111025 ST1,Station 1,59,
326,326,20111025 SMP,Stumpy,59,
327,327,20111025 BRO,Stumpys Brother,59,
328,328,20111025 TRN,Trinity,59,
329,329,20111025 ST2,Station 2,59,
330,330,20111122 AMD,Amidala,60,
331,331,20111122 FTM,Flatman,60,
332,332,20111122 POL,Pool,60,
333,333,20111122 ST1,Station 1,60,
334,334,20111122 ST2,Station 2,60,
335,335,20111122 SMP,Stumpy,60,
336,336,20111122 BRO,Stumpys Brother,60,
337,337,20111122 TRN,Trinity,60,
338,338,20111220 AMD,Amidala,61,
339,339,20111220 FTM,Flatman,61,
340,340,20111220 POL,Pool,61,
341,341,20111220 ST1,Station 1,61,
342,342,20111220 ST2,Station 2,61,
343,343,20111220 SMP,Stumpy,61,
344,344,20111220 BRO,Stumpys Brother,61,
345,345,20111220 TRN,Trinity,61,
346,346,20120124 AMD,Amidala,63,
347,347,20120124 SMP,Stumpy,63,
348,348,20120124 FTM,Flatman,63,
349,349,20120124 POL,Pool,63,
350,350,20120124 ST1,Station 1,63,
351,351,20120124 ST2,Station 2,63,
352,352,20120124 BRO,Stumpys Brother,63,
353,353,20120124 TRN,Trinity,63,
354,354,20120228 AMD,Amidala,64,
355,355,20120228 FTM,Flatman,64,
356,356,20120228 POL,Pool,64,
357,357,20120228 ST1,Station 1,64,
358,358,20120228 ST2,Station 2,64,
359,359,20120228 SMP,Stumpy,64,
360,360,20120228 BRO,Stumpys Brother,64,
361,361,20120228 TRN,Trinity,64,
362,362,20120327 AMD,Amidala,65,
363,363,20120327 FTM,Flatman,65,
364,364,20120327 POL,Pool,65,
365,365,20120327 ST1,Station 1,65,
366,366,20120327 ST2,Station 2,65,
367,367,20120327 BRO,Stumpys Brother,65,
368,368,20120327 TRN,Trinity,65,
369,369,20120327 SMP,Stumpy,65,
370,370,20120423 AMD,Amidala,66,
371,371,20120423 FTM,Flatman,66,
372,372,20120423 POL,Pool,66,
373,373,20120423 ST1,Station 1,66,
374,374,20120423 ST2,Station 2,66,
375,375,20120423 SMP,Stumpy,66,
376,376,20120423 BRO,Stumpys Brother,66,
377,377,20120423 TRN,Trinity,66,
378,378,20120522 AMD,Amidala,68,
379,379,20120522 FTM,Flatman,68,
380,380,20120522 POL,Pool,68,
381,381,20120522 ST1,Station 1,68,
382,382,20120522 ST2,Station 2,68,
383,383,20120522 SMP,Stumpy,68,
384,384,20120522 BRO,Stumpys Brother,68,
385,385,20120522 TRN,Trinity,68,
386,386,20120629 AMD,Amidala,69,
387,387,20120629 BRO,Stumpys Brother,69,
388,388,20120629 SMP,Stumpy,69,
389,389,20120629 ST1,Station 1,69,
390,390,20120629 FTM,Flatman,69,
391,391,20120629 POL,Pool,69,
392,392,20120629 ST2,Station 2,69,
393,393,20120629 TRN,Trinity,69,
394,394,20120731 AMD,Amidala,70,
395,395,20120731 FTM,Flatman,70,
396,396,20120731 POL,Pool,70,
397,397,20120731 ST1,Station 1,70,
398,398,20120731 ST2,Station 2,70,
399,399,20120731 SMP,Stumpy,70,
400,400,20120731 BRO,Stumpys Brother,70,
401,401,20120731 TRN,Trinity,70,
402,402,20120828 AMD,Amidala,72,
403,403,20120828 FTM,Flatman,72,
404,404,20120828 POL,Pool,72,
405,405,20120828 ST1,Station 1,72,
406,406,20120828 ST2,Station 2,72,
407,407,20120828 SMP,Stumpy,72,
408,408,20120828 BRO,Stumpys Brother,72,
409,409,20120828 TRN,Trinity,72,
410,410,20120925 AMD,Amidala,73,
411,411,20120925 FTM,Flatman,73,
412,412,20120925 POL,Pool,73,
413,413,20120925 ST1,Station 1,73,
414,414,20120925 ST2,Station 2,73,
415,415,20120925 SMP,Stumpy,73,
416,416,20120925 BRO,Stumpys Brother,73,
417,417,20120925 TRN,Trinity,73,
418,418,20121023 AMD,Amidala,74,
419,419,20121023 FTM,Flatman,74,
420,420,20121023 POL,Pool,74,
421,421,20121023 ST1,Station 1,74,
422,422,20121023 ST2,Station 2,74,
423,423,20121023 SMP,Stumpy,74,
424,424,20121023 BRO,Stumpys Brother,74,
425,425,20121023 TRN,Trinity,74,
426,426,20121120 AMD,Amidala,76,
427,427,20121120 FTM,Flatman,76,
428,428,20121120 POL,Pool,76,
429,429,20121120 ST1,Station 1,76,
430,430,20121120 ST2,Station 2,76,
431,431,20121120 SMP,Stumpy,76,
432,432,20121120 BRO,Stumpys Brother,76,
433,433,20121120 TRN,Trinity,76,
434,434,20121222 AMD,Amidala,77,
435,435,20121222 FTM,Flatman,77,
436,436,20121222 POL,Pool,77,
437,437,20121222 ST1,Station 1,77,
438,438,20121222 ST2,Station 2,77,
439,439,20121222 SMP,Stumpy,77,
440,440,20121222 BRO,Stumpys Brother,77,
441,441,20121222 TRN,Trinity,77,
442,442,20130116 AMD,Amidala,78,
443,443,20130116 FTM,Flatman,78,
444,444,20130116 POL,Pool,78,
445,445,20130116 ST1,Station 1,78,
446,446,20130116 ST2,Station 2,78,
447,447,20130116 SMP,Stumpy,78,
448,448,20130116 BRO,Stumpys Brother,78,
449,449,20130116 TRN,Trinity,78,
450,450,20130219 AMD,Amidala,80,
451,451,20130219 FTM,Flatman,80,
452,452,20130219 POL,Pool,80,
453,453,20130219 ST1,Station 1,80,
454,454,20130219 ST2,Station 2,80,
455,455,20130219 SMP,Stumpy,80,
456,456,20130219 BRO,Stumpys Brother,80,
457,457,20130219 TRN,Trinity,80,
458,458,20130319 AMD,Amidala,81,
459,459,20130319 FTM,Flatman,81,
460,460,20130319 POL,Pool,81,
461,461,20130319 ST1,Station 1,81,
462,462,20130319 ST2,Station 2,81,
463,463,20130319 SMP,Stumpy,81,
464,464,20130319 BRO,Stumpys Brother,81,
465,465,20130319 TRN,Trinity,81,
466,466,20130423 AMD,Amidala,82,
467,467,20130423 FTM,Flatman,82,
468,468,20130423 POL,Pool,82,
469,469,20130423 ST1,Station 1,82,
470,470,20130423 ST2,Station 2,82,
471,471,20130423 SMP,Stumpy,82,
472,472,20130423 BRO,Stumpys Brother,82,
473,473,20130423 TRN,Trinity,82,
474,474,20130521 AMD,Amidala,84,
475,475,20130521 FTM,Flatman,84,
476,476,20130521 POL,Pool,84,
477,477,20130521 ST1,Station 1,84,
478,478,20130521 ST2,Station 2,84,
479,479,20130521 SMP,Stumpy,84,
480,480,20130521 BRO,Stumpys Brother,84,
481,481,20130521 TRN,Trinity,84,
482,482,20130626 AMD,Amidala,85,
483,483,20130626 FTM,Flatman,85,
484,484,20130626 POL,Pool,85,
485,485,20130626 ST1,Station 1,85,
486,486,20130626 ST2,Station 2,85,
487,487,20130626 SMP,Stumpy,85,
488,488,20130626 BRO,Stumpys Brother,85,
489,489,20130626 TRN,Trinity,85,
490,490,20130730 AMD,Amidala,87,
491,491,20130730 FTM,Flatman,87,
492,492,20130730 POL,Pool,87,
493,493,20130730 ST1,Station 1,87,
494,494,20130730 ST2,Station 2,87,
495,495,20130730 SMP,Stumpy,87,
496,496,20130730 BRO,Stumpys Brother,87,
497,497,20130730 TRN,Trinity,87,
498,498,20130827 AMD,Amidala,88,
499,499,20130827 FTM,Flatman,88,
500,500,20130827 POL,Pool,88,
501,501,20130827 ST1,Station 1,88,
502,502,20130827 ST2,Station 2,88,
503,503,20130827 SMP,Stumpy,88,
504,504,20130827 BRO,Stumpys Brother,88,
505,505,20130827 TRN,Trinity,88,
506,506,20130924 AMD,Amidala,89,
507,507,20130924 FTM,Flatman,89,
508,508,20130924 POL,Pool,89,
509,509,20130924 ST1,Station 1,89,
510,510,20130924 ST2,Station 2,89,
511,511,20130924 SMP,Stumpy,89,
512,512,20130924 BRO,Stumpys Brother,89,
513,513,20130924 TRN,Trinity,89,
514,514,20131022 AMD,Amidala,91,
515,515,20131022 FTM,Flatman,91,
516,516,20131022 POL,Pool,91,
517,517,20131022 ST1,Station 1,91,
518,518,20131022 ST2,Station 2,91,
519,519,20131022 SMP,Stumpy,91,
520,520,20131022 BRO,Stumpys Brother,91,
521,521,20131022 TRN,Trinity,91,
522,522,20131106 A10,A10,92,
523,523,20131106 AG2A,AG2A,92,
524,524,20131106 D14,D14,92,
525,525,20131106 F02,F02,92,
526,526,20131106 M04,M04,92,
527,527,20131106 M18,M18,92,
528,528,20131106 Y02,Y02,92,
529,529,20131106 Y07,Y07,92,
530,530,20131106 Y15,Y15,92,
531,531,20131106 Y23,Y23,92,
532,532,20131119 AMD,Amidala,93,
533,533,20131119 FTM,Flatman,93,
534,534,20131119 POL,Pool,93,
535,535,20131119 ST1,Station 1,93,
536,536,20131119 ST2,Station 2,93,
537,537,20131119 SMP,Stumpy,93,
538,538,20131119 BRO,Stumpys Brother,93,
539,539,20131119 TRN,Trinity,93,
540,540,20131217 AMD,Amidala,94,
541,541,20131217 FTM,Flatman,94,
542,542,20131217 POL,Pool,94,
543,543,20131217 ST1,Station 1,94,
544,544,20131217 ST2,Station 2,94,
545,545,20131217 SMP,Stumpy,94,
546,546,20131217 BRO,Stumpys Brother,94,
547,547,20131217 TRN,Trinity,94,
548,548,20140121 AMD,Amidala,95,
549,549,20140121 FTM,Flatman,95,
550,550,20140121 POL,Pool,95,
551,551,20140121 ST1,Station 1,95,
552,552,20140121 ST2,Station 2,95,
553,553,20140121 SMP,Stumpy,95,
554,554,20140121 BRO,Stumpys Brother,95,
555,555,20140121 TRN,Trinity,95,
556,556,20140131 A10,A10,97,
557,557,20140131 D14,D14,97,
558,558,20140131 F02,F02,97,
559,559,20140131 M04,M04,97,
560,560,20140131 M18,M18,97,
561,561,20140131 Y02,Y02,97,
562,562,20140131 Y07,Y07,97,
563,563,20140131 Y15,Y15,97,
564,564,20140131 Y23,Y23,97,
565,565,20140217 AMD,Amidala,98,
566,566,20140217 FTM,Flatman,98,
567,567,20140217 POL,Pool,98,
568,568,20140217 ST1,Station 1,98,
569,569,20140217 ST2,Station 2,98,
570,570,20140217 SMP,Stumpy,98,
571,571,20140217 BRO,Stumpys Brother,98,
572,572,20140217 TRN,Trinity,98,
573,573,20140318 AMD,Amidala,99,
574,574,20140318 FTM,Flatman,99,
575,575,20140318 POL,Pool,99,
576,576,20140318 ST1,Station 1,99,
577,577,20140318 ST2,Station 2,99,
578,578,20140318 SMP,Stumpy,99,
579,579,20140318 BRO,Stumpys Brother,99,
580,580,20140318 TRN,Trinity,99,
581,581,20140423 AMD,Amidala,100,
582,582,20140423 FTM,Flatman,100,
583,583,20140423 POL,Pool,100,
584,584,20140423 ST1,Station 1,100,
585,585,20140423 ST2,Station 2,100,
586,586,20140423 SMP,Stumpy,100,
587,587,20140423 BRO,Stumpys Brother,100,
588,588,20140423 TRN,Trinity,100,
589,589,20140508 A10,A10,102,
590,590,20140508 AG2A,AG2A,102,
591,591,20140508 D14,D14,102,
592,592,20140508 F02,F02,102,
593,593,20140508 M04,M04,102,
594,594,20140508 M18,M18,102,
595,595,20140508 Y02,Y02,102,
596,596,20140508 Y07,Y07,102,
597,597,20140508 Y15,Y15,102,
598,598,20140508 Y23,Y23,102,
599,599,20140516 NOCAN,No Can Fracture,103,
600,600,20140516 ARCH,The Arch,103,
601,601,20140516 AYUYU,Ayuyu Cave,103,
602,602,20140516 AGUE,Ague Cove,103,
603,603,20140521 MENPA,Menpachi Fracture,103,
604,604,20140523 AMD,Amidala,104,
605,605,20140523 FTM,Flatman,104,
606,606,20140523 POL,Pool,104,
607,607,20140523 ST1,Station 1,104,
608,608,20140523 ST2,Station 2,104,
609,609,20140523 SMP,Stumpy,104,
610,610,20140523 BRO,Stumpys Brother,104,
611,611,20140523 TRN,Trinity,104,
612,612,20140531 FRANK,Franks Cave,105,
613,613,20140531 LUNCH,Lunch Fracture,105,
614,614,20140531 SCOTT,Scotts Fracture,105,
615,615,20140531 RAND,Randall Springs,105,
616,616,20140617 AMD,Amidala,106,
617,617,20140617 FTM,Flatman,106,
618,618,20140617 POL,Pool,106,
619,619,20140617 ST1,Station 1,106,
620,620,20140617 ST2,Station 2,106,
621,621,20140617 SMP,Stumpy,106,
622,622,20140617 BRO,Stumpys Brother,106,
623,623,20140617 TRN,Trinity,106,
624,624,20140814 A10,A10,110,
625,625,20140814 AG2A,AG2A,110,
626,626,20140814 D14,D14,110,
627,627,20140814 F02,F02,110,
628,628,20140814 M04,M04,110,
629,629,20140814 M18,M18,110,
630,630,20140814 Y02,Y02,110,
631,631,20140814 Y07,Y07,110,
632,632,20140814 Y15,Y15,110,
633,633,20140814 Y23,Y23,110,
634,634,20141023 A10,A10,114,
635,635,20141023 AG2A,AG2A,114,
636,636,20141023 D14,D14,114,
637,637,20141023 F02,F02,114,
638,638,20141023 M04,M04,114,
639,639,20141023 M18,M18,114,
640,640,20141023 Y02,Y02,114,
641,641,20141023 Y07,Y07,114,
642,642,20141023 Y15,Y15,114,
643,643,20141023 Y23,Y23,114,
644,644,20150129 A10,A10,118,
645,645,20150129 AG2A,AG2A,118,
646,646,20150129 D14,D14,118,
647,647,20150129 F02,F02,118,
648,648,20150129 M04,M04,118,
649,649,20150129 M18,M18,118,
650,650,20150129 Y02,Y02,118,
651,651,20150129 Y07,Y07,118,
652,652,20150129 Y15,Y15,118,
653,653,20150129 Y23,Y23,118,
654,654,20150619 Y15,Y15,125,
655,655,20150619 F02,F02,125,
656,656,20150619 D14,D14,125,
657,657,20150619 A10,A10,125,
658,658,20150731 A10,A10,128,
659,659,20150731 F02,F02,128,
660,660,20150731 D14,D14,128,
661,661,20150731 Y15,Y15,128,
662,662,20150828 A10,A10,129,
663,663,20150828 F02,F02,129,
664,664,20150828 D14,D14,129,
665,665,20150828 Y15,Y15,129,
666,666,20150925 A10,A10,131,
667,667,20150925 F02,F02,131,
668,668,20150925 D14,D14,131,
669,669,20150925 Y15,Y15,131,
670,670,20140713 HAPU,Haputo Beach,124,
671,671,20140713 FOUNT,Fountain,124,
672,672,20100406 AMD,Amidala,33,
673,673,20100608 AMD,Amidala,35,
674,674,20100406 TRN,Trinity,33,
675,675,20140818 AMD,Amidala,109,
676,676,20140818 BRO,Stumpys Brother,109,
677,677,20140818 FTM,Flatman,109,
678,678,20140818 POL,Pool,109,
679,679,20140818 SMP,Stumpy,109,
680,680,20140818 ST1,Station 1,109,
681,681,20140818 ST2,Station 2,109,
682,682,20140818 TRN,Trinity,109,
683,683,20140923 AMD,Amidala,112,
684,684,20140923 BRO,Stumpys Brother,112,
685,685,20140923 FTM,Flatman,112,
686,686,20140923 POL,Pool,112,
687,687,20140923 SMP,Stumpy,112,
688,688,20140923 ST1,Station 1,112,
689,689,20140923 ST2,Station 2,112,
690,690,20140923 TRN,Trinity,112,
691,691,20141031 AMD,Amidala,115,
692,692,20141031 BRO,Stumpys Brother,115,
693,693,20141031 FTM,Flatman,115,
694,694,20141031 POL,Pool,115,
695,695,20141031 SMP,Stumpy,115,
696,696,20141031 ST1,Station 1,115,
697,697,20141031 ST2,Station 2,115,
698,698,20141031 TRN,Trinity,115,
699,699,20141129 AMD,Amidala,116,
700,700,20141129 BRO,Stumpys Brother,116,
701,701,20141129 FTM,Flatman,116,
702,702,20141129 POL,Pool,116,
703,703,20141129 SMP,Stumpy,116,
704,704,20141129 ST1,Station 1,116,
705,705,20141129 ST2,Station 2,116,
706,706,20141129 TRN,Trinity,116,
707,707,20141230 AMD,Amidala,117,
708,708,20141230 BRO,Stumpys Brother,117,
709,709,20141230 FTM,Flatman,117,
710,710,20141230 POL,Pool,117,
711,711,20141230 SMP,Stumpy,117,
712,712,20141230 ST1,Station 1,117,
713,713,20141230 ST2,Station 2,117,
714,714,20141230 TRN,Trinity,117,
715,715,20150131 AMD,Amidala,119,
716,716,20150131 BRO,Stumpys Brother,119,
717,717,20150131 FTM,Flatman,119,
718,718,20150131 POL,Pool,119,
719,719,20150131 SMP,Stumpy,119,
720,720,20150131 ST1,Station 1,119,
721,721,20150131 ST2,Station 2,119,
722,722,20150131 TRN,Trinity,119,
723,723,20150228 AMD,Amidala,120,
724,724,20150228 BRO,Stumpys Brother,120,
725,725,20150228 FTM,Flatman,120,
726,726,20150228 POL,Pool,120,
727,727,20150228 SMP,Stumpy,120,
728,728,20150228 ST1,Station 1,120,
729,729,20150228 ST2,Station 2,120,
730,730,20150228 TRN,Trinity,120,
731,731,20150328 AMD,Amidala,121,
732,732,20150328 BRO,Stumpys Brother,121,
733,733,20150328 FTM,Flatman,121,
734,734,20150328 POL,Pool,121,
735,735,20150328 SMP,Stumpy,121,
736,736,20150328 ST1,Station 1,121,
737,737,20150328 ST2,Station 2,121,
738,738,20150328 TRN,Trinity,121,
739,739,20150502 TRN,Trinity,122,
740,740,20150502 AMD,Amidala,122,
741,741,20150502 BRO,Stumpys Brother,122,
742,742,20150502 FTM,Flatman,122,
743,743,20150502 POL,Pool,122,
744,744,20150502 SMP,Stumpy,122,
745,745,20150502 ST1,Station 1,122,
746,746,20150502 ST2,Station 2,122,
747,747,20150530 SMP,Stumpy,123,
748,748,20150530 BRO,Stumpys Brother,123,
749,749,20150530 ST1,Station 1,123,
750,750,20150530 ST2,Station 2,123,
751,751,20150530 FTM,Flatman,123,
752,752,20150530 TRN,Trinity,123,
753,753,20150530 POL,Pool,123,
754,754,20150626 SMP,Stumpy,126,
755,755,20150626 BRO,Stumpys Brother,126,
756,756,20150626 ST1,Station 1,126,
757,757,20150626 ST2,Station 2,126,
758,758,20150626 FTM,Flatman,126,
759,759,20150626 TRN,Trinity,126,
760,760,20150626 POL,Pool,126,
761,761,20150730 SMP,Stumpy,127,
762,762,20150730 BRO,Stumpys Brother,127,
763,763,20150730 FTM,Flatman,127,
764,764,20150730 POL,Pool,127,
765,765,20150730 ST1,Station 1,127,
766,766,20150730 ST2,Station 2,127,
767,767,20150730 TRN,Trinity,127,
768,768,20150901 SMP,Stumpy,130,
769,769,20150901 BRO,Stumpys Brother,130,
770,770,20150901 FTM,Flatman,130,
771,771,20150901 POL,Pool,130,
772,772,20150901 ST1,Station 1,130,
773,773,20150901 ST2,Station 2,130,
774,774,20150901 TRN,Trinity,130,
775,775,20150929 SMP,Stumpy,132,
776,776,20150929 BRO,Stumpys Brother,132,
777,777,20150929 FTM,Flatman,132,
778,778,20150929 POL,Pool,132,
779,779,20150929 ST1,Station 1,132,
780,780,20150929 ST2,Station 2,132,
781,781,20150929 TRN,Trinity,132,
782,782,20151027 SMP,Stumpy,133,
783,783,20151027 BRO,Stumpys Brother,133,
784,784,20151027 FTM,Flatman,133,
785,785,20151027 POL,Pool,133,
786,786,20151027 ST1,Station 1,133,
787,787,20151027 ST2,Station 2,133,
788,788,20151027 TRN,Trinity,133,
789,789,20151124 SMP,Stumpy,135,
790,790,20151124 BRO,Stumpys Brother,135,
791,791,20151124 FTM,Flatman,135,
792,792,20151124 POL,Pool,135,
793,793,20151124 ST1,Station 1,135,
794,794,20151124 ST2,Station 2,135,
795,795,20151124 TRN,Trinity,135,
796,796,20151229 SMP,Stumpy,138,
797,797,20151229 BRO,Stumpys Brother,138,
798,798,20151229 FTM,Flatman,138,
799,799,20151229 POL,Pool,138,
800,800,20151229 ST1,Station 1,138,
801,801,20151229 ST2,Station 2,138,
802,802,20151229 TRN,Trinity,138,
803,803,20160202 BRO,Stumpys Brother,139,
804,804,20160202 FTM,Flatman,139,
805,805,20160202 POL,Pool,139,
806,806,20160202 ST1,Station 1,139,
807,807,20160202 ST2,Station 2,139,
808,808,20160202 TRN,Trinity,139,
809,809,20160202 SMP,Stumpy,139,
810,810,20160301 BRO,Stumpys Brother,140,
811,811,20160301 FTM,Flatman,140,
812,812,20160301 POL,Pool,140,
813,813,20160301 ST1,Station 1,140,
814,814,20160301 ST2,Station 2,140,
815,815,20160301 TRN,Trinity,140,
816,816,20160301 SMP,Stumpy,140,
817,817,20160405 BRO,Stumpys Brother,141,
818,818,20160405 FTM,Flatman,141,
819,819,20160405 POL,Pool,141,
820,820,20160405 ST1,Station 1,141,
821,821,20160405 ST2,Station 2,141,
822,822,20160405 TRN,Trinity,141,
823,823,20160405 SMP,Stumpy,141,
824,824,20160510 BRO,Stumpys Brother,142,
825,825,20160510 FTM,Flatman,142,
826,826,20160510 POL,Pool,142,
827,827,20160510 ST1,Station 1,142,
828,828,20160510 ST2,Station 2,142,
829,829,20160510 TRN,Trinity,142,
830,830,20160510 SMP,Stumpy,142,
831,831,20160622 BRO,Stumpys Brother,142,
832,832,20160622 FTM,Flatman,143,
833,833,20160622 POL,Pool,143,
834,834,20160622 ST1,Station 1,143,
835,835,20160622 ST2,Station 2,143,
836,836,20160622 TRN,Trinity,143,
837,837,20160622 SMP,Stumpy,143,
838,838,20160726 BRO,Stumpys Brother,149,
839,839,20160726 FTM,Flatman,149,
840,840,20160726 POL,Pool,149,
841,841,20160726 ST1,Station 1,149,
842,842,20160726 ST2,Station 2,149,
843,843,20160726 TRN,Trinity,149,
844,844,20160726 SMP,Stumpy,149,
845,845,20160830 BRO,Stumpys Brother,150,
846,846,20160830 FTM,Flatman,150,
847,847,20160830 POL,Pool,150,
848,848,20160830 ST1,Station 1,150,
849,849,20160830 ST2,Station 2,150,
850,850,20160830 TRN,Trinity,150,
851,851,20160830 SMP,Stumpy,150,
