,SampleName,Growth,SiteName,DeployFieldTrip,CollectFieldTrip,DaysDeploy,DateDeploy,DateCollect,GrowthRate,Midpoint
0,857,0.1251099999999994,Chrome Dome,37.0,40.0,77.02638888888889,2010-07-12 14:47:00,2010-09-27 15:25:00,0.001624248543969411,2010-08-20 03:06:00
1,858,-0.0017700000000075988,Trinity,34.0,35.0,33.980555555555554,2010-05-04 10:59:00,2010-06-07 10:31:00,-5.208861276896392e-05,2010-05-21 10:45:00
2,859,0.2980399999999932,Flatman,34.0,35.0,33.97430555555555,2010-05-04 11:23:00,2010-06-07 10:46:00,0.008772511906465063,2010-05-21 11:04:30
3,G1,0.008870000000008815,Borehole,8.0,9.0,38.013888888888886,2008-08-15 12:00:00,2008-09-22 12:20:00,0.0002333357690904767,2008-09-03 12:10:00
4,G2,-0.00332000000000221,Station 3,8.0,9.0,37.97430555555555,2008-08-15 12:00:00,2008-09-22 11:23:00,-8.742753689452267e-05,2008-09-03 11:41:30
5,G3,0.11466999999999672,Station 2,8.0,9.0,37.97847222222222,2008-08-15 12:00:00,2008-09-22 11:29:00,0.0030193420980452242,2008-09-03 11:44:30
6,G4,-0.026009999999999422,Trinity,8.0,9.0,38.046527777777776,2008-08-15 12:00:00,2008-09-22 13:07:00,-0.0006836366291273326,2008-09-03 12:33:30
7,G5,0.22065000000000623,Station 4,8.0,9.0,37.96805555555556,2008-08-15 12:00:00,2008-09-22 11:14:00,0.005811464315762683,2008-09-03 11:37:00
8,G6,0.02243999999999602,Stumpy,17.0,20.0,56.979166666666664,2009-04-14 10:55:00,2009-06-11 12:08:00,0.0003938281535648296,2009-05-13 11:31:30
9,G7,0.1256400000000042,Station 2,9.0,10.0,26.999305555555555,2008-09-23 10:54:00,2008-10-20 10:53:00,0.004653453020911187,2008-10-06 22:53:30
10,G8,0.05333999999999861,Borehole,9.0,10.0,26.994444444444444,2008-09-23 12:00:00,2008-10-20 11:52:00,0.0019759621321259004,2008-10-06 23:56:00
11,G9,-0.026189999999999714,Trinity,9.0,10.0,27.013194444444444,2008-09-23 12:00:00,2008-10-20 12:19:00,-0.0009695262088999611,2008-10-07 00:09:30
12,G10,0.29410000000000025,Flatman,9.0,10.0,26.977777777777778,2008-09-23 12:05:00,2008-10-20 11:33:00,0.0109015650741351,2008-10-06 23:49:00
13,G100,2.096180000000004,Chrome Dome,27.0,32.0,130.90069444444444,2009-11-09 15:14:00,2010-03-20 12:51:00,0.0160135132124119,2010-01-14 02:02:30
14,G101,1.6039900000000102,Snowman,27.0,32.0,130.92638888888888,2009-11-09 14:55:00,2010-03-20 13:09:00,0.012251082563357352,2010-01-14 02:02:00
15,G102,0.2547799999999967,Robin,27.0,32.0,130.97222222222223,2009-11-09 14:48:00,2010-03-20 14:08:00,0.001945297985153739,2010-01-14 02:28:00
16,G11,0.6708199999999991,Station 4,9.0,10.0,26.939583333333335,2008-09-23 12:08:00,2008-10-20 10:41:00,0.02490090480241277,2008-10-06 23:24:30
17,G12,-0.00413000000000352,Station 3,9.0,10.0,26.94097222222222,2008-09-23 12:11:00,2008-10-20 10:46:00,-0.0001532981054260876,2008-10-06 23:28:30
18,G120,0.07643999999999807,Snowman,32.0,37.0,114.04375,2010-03-20 14:01:00,2010-07-12 15:04:00,0.0006702690853290783,2010-05-16 14:32:30
19,G121,0.6112499999999983,Chrome Dome,32.0,37.0,114.07638888888889,2010-03-20 12:55:00,2010-07-12 14:45:00,0.00535825165885431,2010-05-16 13:50:00
20,G122,-0.011429999999997165,Station 1,31.0,35.0,84.90833333333333,2010-03-13 11:47:00,2010-06-07 10:04:00,-0.00013461576209634505,2010-04-25 10:55:30
21,G123,0.04684999999999917,Stumpy,31.0,35.0,85.04861111111111,2010-03-13 11:56:00,2010-06-07 13:39:00,0.0005508614354535707,2010-04-25 12:47:30
22,G124,-0.002389999999998338,Amidala,31.0,35.0,84.87152777777777,2010-03-13 12:05:00,2010-06-07 09:32:00,-2.8160209466903463e-05,2010-04-25 10:48:30
23,G125,0.04654000000000735,Robin,32.0,37.0,114.04722222222222,2010-03-20 14:10:00,2010-07-12 15:18:00,0.00040807657646692763,2010-05-16 14:44:00
24,G126,0.2563900000000032,Station 2,31.0,35.0,84.90416666666667,2010-03-13 11:45:00,2010-06-07 10:01:00,0.0030197575698091366,2010-04-25 10:53:00
25,G127,0.24061000000000377,Stumpys Brother,31.0,35.0,84.87777777777778,2010-03-13 12:00:00,2010-06-07 09:36:00,0.0028347820395340146,2010-04-25 10:48:00
26,G128,0.05996000000000379,Flatman,31.0,34.0,49.90694444444444,2010-03-13 12:55:00,2010-05-03 11:50:00,0.0012014360058999452,2010-04-08 00:22:30
27,G129,-0.009609999999995011,Trinity,31.0,34.0,50.946527777777774,2010-03-13 12:47:00,2010-05-03 11:30:00,-0.00018862914548195707,2010-04-08 00:08:30
28,G13,0.024030000000003326,Borehole,10.0,11.0,20.008333333333333,2008-10-28 10:32:00,2008-11-17 10:44:00,0.0012009995835070384,2008-11-07 10:38:00
29,G130,0.5583000000000027,Flatman,38.0,41.0,68.21180555555556,2010-08-17 11:20:00,2010-10-25 13:42:00,0.00818480020361419,2010-09-21 00:31:00
30,G131,-0.02214000000000027,Trinity,38.0,41.0,68.22430555555556,2010-08-17 10:58:00,2010-10-25 13:30:00,-0.00032451777734800836,2010-09-21 00:14:00
31,G132,0.017380000000002838,Stumpy,41.0,44.0,53.97986111111111,2010-10-26 10:01:00,2010-12-20 09:26:00,0.0003219719288315355,2010-11-22 21:43:30
32,G133,-0.012999999999998124,Robin,40.0,43.0,55.958333333333336,2010-09-27 15:59:00,2010-11-22 14:59:00,-0.0002323157110945309,2010-10-25 15:29:00
33,G134,0.004899999999999238,Station 1,38.0,41.0,68.18819444444445,2010-08-17 10:23:00,2010-10-25 12:33:00,7.185994643092445e-05,2010-09-20 23:28:00
34,G135,0.08300000000000551,Chrome Dome,40.0,43.0,55.96597222222222,2010-09-27 15:28:00,2010-11-22 14:39:00,0.0014830440123587986,2010-10-25 15:03:30
35,G136,0.20066999999999524,Station 2,38.0,41.0,68.19375,2010-08-17 10:26:00,2010-10-25 12:33:00,0.002942645037118435,2010-09-20 23:29:30
36,G137,-0.004059999999995512,Amidala,38.0,41.0,68.24513888888889,2010-08-17 10:09:00,2010-10-25 12:57:00,-5.949141676751027e-05,2010-09-20 23:33:00
37,G138,0.03312999999999988,Station 1,44.0,46.0,60.88263888888889,2010-12-21 10:38:00,2011-02-21 09:10:00,0.0005441616954295016,2011-01-21 09:54:00
38,G139,0.17654999999999887,Station 2,35.0,38.0,68.07430555555555,2010-06-08 09:59:00,2010-08-16 11:02:00,0.0025934895487977638,2010-07-12 22:30:30
39,G14,0.22843000000000302,Station 4,10.0,11.0,19.989583333333332,2008-10-28 10:27:00,2008-11-17 10:12:00,0.011427451797811511,2008-11-07 10:19:30
40,G140,0.19419999999999504,Stumpys Brother,35.0,38.0,68.08680555555556,2010-06-08 09:30:00,2010-08-16 10:34:00,0.002852241317762179,2010-07-12 22:02:00
41,G141,0.21724000000000387,Station 1,41.0,44.0,53.96180555555556,2010-10-26 10:23:00,2010-12-20 09:12:00,0.004025810436908894,2010-11-22 21:47:30
42,G142,-0.015540000000001442,Trinity,35.0,38.0,68.06458333333333,2010-06-08 10:45:00,2010-08-16 11:37:00,-0.00022831257078144814,2010-07-12 23:11:00
43,G143,-0.014209999999998502,Snowman,40.0,43.0,55.958333333333336,2010-09-27 15:48:00,2010-11-22 14:48:00,-0.0002539389426656471,2010-10-25 15:18:00
44,G144,-0.008369999999999322,Amidala,41.0,44.0,53.97986111111111,2010-10-26 10:04:00,2010-12-20 09:24:00,-0.000155057827636323,2010-11-22 21:44:00
45,G145,0.00902000000000669,Robin,37.0,40.0,77.02291666666666,2010-07-12 15:21:00,2010-09-27 15:54:00,0.00011710800357045282,2010-08-20 03:37:30
46,G146,-0.019710000000003447,Snowman,37.0,40.0,77.02361111111111,2010-07-12 15:06:00,2010-09-27 15:40:00,-0.0002558955587212161,2010-08-20 03:23:00
47,G147,0.18412000000000006,Station 2,41.0,44.0,53.955555555555556,2010-10-26 10:22:00,2010-12-20 09:14:00,0.0034124382207578264,2010-11-22 21:48:00
48,G148,0.01965000000000572,Stumpy,35.0,38.0,68.08402777777778,2010-06-08 09:29:00,2010-08-16 10:33:00,0.0002886139472262445,2010-07-12 22:01:00
49,G149,0.005560000000002674,Stumpy,38.0,41.0,68.24652777777777,2010-08-17 10:08:00,2010-10-25 12:59:00,8.146934622237448e-05,2010-09-20 23:33:30
50,G15,-0.0060599999999908505,Station 3,10.0,11.0,20.000694444444445,2008-10-28 10:23:00,2008-11-17 10:24:00,-0.00030298947953150325,2008-11-07 10:23:30
51,G150,0.08678000000000452,Stumpys Brother,41.0,44.0,53.97986111111111,2010-10-26 10:03:00,2010-12-20 09:25:00,0.001607636592865221,2010-11-22 21:44:00
52,G151,0.5203999999999951,Flatman,35.0,38.0,68.09236111111112,2010-06-08 11:05:00,2010-08-16 11:57:00,0.007642560655971698,2010-07-12 23:31:00
53,G152,0.015250000000001762,Station 1,35.0,38.0,68.07638888888889,2010-06-08 09:59:00,2010-08-16 11:02:00,0.00022401305722740528,2010-07-12 22:30:30
54,G153,0.10876999999999981,Stumpys Brother,38.0,41.0,68.24375,2010-08-17 10:08:00,2010-10-25 12:55:00,0.001593845590255515,2010-09-20 23:31:30
55,G154,0.0005900000000096384,Amidala,35.0,38.0,68.09236111111112,2010-06-08 09:31:00,2010-08-16 10:35:00,8.664701743076492e-06,2010-07-12 22:03:00
56,G155,-0.02977000000000629,Trinity,41.0,44.0,53.952777777777776,2010-10-26 10:42:00,2010-12-20 10:11:00,-0.0005517788189261321,2010-11-22 22:26:30
57,G156,0.008839999999999293,Stumpy,44.0,46.0,60.87430555555556,2010-12-21 10:27:00,2011-02-21 08:51:00,0.0001452172623461251,2011-01-21 09:39:00
58,G157,0.14312000000000324,Stumpys Brother,44.0,46.0,60.87708333333333,2010-12-21 10:27:00,2011-02-21 08:53:00,0.002350966770473343,2011-01-21 09:40:00
59,G158,-0.03981000000000279,Robin,48.0,55.0,121.05,2011-04-06 13:36:00,2011-08-05 14:48:00,-0.00032887236679060545,2011-06-06 02:12:00
60,G159,-0.016780000000004236,Robin,43.0,48.0,134.94027777777777,2010-11-22 15:00:00,2011-04-06 13:34:00,-0.00012435130767729602,2011-01-29 02:17:00
61,G16,0.19716000000000378,Flatman,10.0,11.0,20.002777777777776,2008-10-28 11:03:00,2008-11-17 11:07:00,0.009856631023469151,2008-11-07 11:05:00
62,G160,0.860909999999997,Chrome Dome,43.0,48.0,134.94305555555556,2010-11-22 14:40:00,2011-04-06 13:18:00,0.0063798021799318415,2011-01-29 01:59:00
63,G161,0.1966900000000038,Station 2,44.0,46.0,60.88263888888889,2010-12-21 10:39:00,2011-02-21 09:11:00,0.003230641831392427,2011-01-21 09:55:00
64,G162,-0.0412900000000036,Snowman,43.0,48.0,134.94375,2010-11-22 14:49:00,2011-04-06 13:28:00,-0.00030597934324489725,2011-01-29 02:08:30
65,G163,0.4277099999999976,Flatman,41.0,44.0,53.924305555555556,2010-10-26 11:20:00,2010-12-20 09:57:00,0.007931673771103999,2010-11-22 22:38:30
66,G164,0.7583100000000016,Flatman,44.0,46.0,60.89375,2010-12-21 11:13:00,2011-02-21 09:33:00,0.012453002155393642,2011-01-21 10:23:00
67,G165,-0.03213999999999828,Trinity,44.0,46.0,60.8875,2010-12-21 11:05:00,2011-02-21 09:46:00,-0.0005278587559022505,2011-01-21 10:25:30
68,G166,-0.007600000000003604,Amidala,44.0,46.0,60.87708333333333,2010-12-21 10:28:00,2011-02-21 08:55:00,-0.00012484172341814895,2011-01-21 09:41:30
69,G17,-0.02282000000000295,Trinity,10.0,11.0,20.010416666666668,2008-10-28 10:41:00,2008-11-17 10:56:00,-0.0011404060385217507,2008-11-07 10:48:30
70,G18,0.0543700000000058,Station 2,10.0,11.0,20.00486111111111,2008-10-28 10:21:00,2008-11-17 10:28:00,0.0027178394140316016,2008-11-07 10:24:30
71,G19,0.13609000000000293,Station 2,11.0,12.0,27.004166666666666,2008-11-18 10:57:00,2008-12-15 11:03:00,0.0050395926554545134,2008-12-01 23:00:00
72,G20,-0.00871999999999673,Station 3,11.0,12.0,26.995833333333334,2008-11-18 11:00:00,2008-12-15 10:54:00,-0.00032301281061880154,2008-12-01 22:57:00
73,G21,0.20382000000000744,Station 4,11.0,12.0,26.990972222222222,2008-11-18 11:01:00,2008-12-15 10:48:00,0.007551413795765321,2008-12-01 22:54:30
74,G22,0.07459999999999667,Borehole,11.0,12.0,27.0125,2008-11-18 11:07:00,2008-12-15 11:25:00,0.002761684405367762,2008-12-01 23:16:00
75,G23,-0.029189999999999827,Trinity,11.0,12.0,27.01736111111111,2008-11-18 11:10:00,2008-12-15 11:35:00,-0.0010804163989204408,2008-12-01 23:22:30
76,G24,0.26173,Flatman,11.0,12.0,26.98611111111111,2008-11-18 12:10:00,2008-12-15 11:50:00,0.009698692743180649,2008-12-02 00:00:00
77,G25,-0.011219999999994457,Stumpys Brother,23.0,25.0,56.87083333333333,2009-08-22 12:00:00,2009-10-19 10:52:00,-0.00019728917869431237,2009-09-20 11:26:00
78,G30,0.082259999999998,Station 2,12.0,13.0,27.038888888888888,2008-12-16 10:30:00,2009-01-12 11:26:00,0.003042284775015336,2008-12-29 22:58:00
79,G31,-0.009840000000011173,Station 3,12.0,13.0,27.038194444444443,2008-12-16 10:26:00,2009-01-12 11:21:00,-0.00036392962630065726,2008-12-29 22:53:30
80,G32,0.12814000000000192,Flatman,12.0,13.0,27.113194444444446,2008-12-16 10:20:00,2009-01-12 13:03:00,0.004726112235227896,2008-12-29 23:41:30
81,G33,0.3176899999999989,Station 4,12.0,13.0,26.979861111111113,2008-12-16 11:40:00,2009-01-12 11:11:00,0.011775079148541824,2008-12-29 23:25:30
82,G34,0.0021800000000027353,Trinity,12.0,13.0,27.050694444444446,2008-12-16 11:04:00,2009-01-12 12:17:00,8.058942828547066e-05,2008-12-29 23:40:30
83,G35,0.09499999999999886,Borehole,12.0,13.0,27.042361111111113,2008-12-16 10:55:00,2009-01-12 11:56:00,0.0035130068565264977,2008-12-29 23:25:30
84,G39,0.1486499999999964,Borehole,13.0,14.0,35.06527777777778,2009-01-13 10:57:00,2009-02-17 12:31:00,0.0042392363449121635,2009-01-30 23:44:00
85,G40,0.19161999999999324,Station 2,13.0,14.0,35.041666666666664,2009-01-13 10:34:00,2009-02-17 11:34:00,0.0054683472057072986,2009-01-30 23:04:00
86,G41,-0.010740000000005523,Station 3,13.0,14.0,35.05972222222222,2009-01-13 10:29:00,2009-02-17 11:55:00,-0.00030633442934690716,2009-01-30 23:12:00
87,G42,0.3192099999999982,Station 4,13.0,14.0,35.00416666666667,2009-01-13 11:22:00,2009-02-17 11:28:00,0.009119200095226708,2009-01-30 23:25:00
88,G43,0.10763000000000034,Flatman,13.0,14.0,35.08263888888889,2009-01-13 11:20:00,2009-02-17 13:19:00,0.0030678992062392464,2009-01-31 00:19:30
89,G44,0.06251999999999214,Trinity,13.0,14.0,35.077083333333334,2009-01-13 11:17:00,2009-02-17 13:08:00,0.0017823602779590323,2009-01-31 00:12:30
90,G46,0.20107000000000141,Flatman,14.0,16.0,26.990277777777777,2009-02-17 12:16:00,2009-03-16 12:02:00,0.007449719549220451,2009-03-03 00:09:00
91,G47,0.31738,Trinity,14.0,16.0,27.03125,2009-02-18 10:58:00,2009-03-17 11:43:00,0.011741225433526011,2009-03-03 23:20:30
92,G48,0.10683999999999827,Borehole,14.0,16.0,26.03125,2009-02-18 10:47:00,2009-03-16 11:32:00,0.004104297719087569,2009-03-03 11:09:30
93,G49,0.09791000000000594,Station 4,14.0,16.0,26.011805555555554,2009-02-18 10:25:00,2009-03-16 10:42:00,0.003764060122273769,2009-03-03 10:33:30
94,G50,-0.010040000000003602,Station 3,14.0,16.0,26.019444444444446,2009-02-18 10:24:00,2009-03-16 10:52:00,-0.00038586527169865445,2009-03-03 10:38:00
95,G51,0.20291999999999177,Station 2,14.0,16.0,26.025,2009-02-18 10:18:00,2009-03-16 10:54:00,0.007797118155619281,2009-03-03 10:36:00
96,G52,-0.020249999999997215,Snowman,15.0,18.0,42.072916666666664,2009-03-10 10:51:00,2009-04-21 12:36:00,-0.00048130725427079294,2009-03-31 11:43:30
97,G54,0.3975200000000001,Flatman,17.0,20.0,56.852777777777774,2009-04-14 12:39:00,2009-06-11 12:30:00,0.006992094591293303,2009-05-13 12:34:30
98,G55,0.09128000000000469,Chrome Dome,15.0,18.0,42.08958333333333,2009-03-10 10:21:00,2009-04-21 12:30:00,0.002168707617680654,2009-03-31 11:25:30
99,G56,0.2923199999999966,Station 4,17.0,20.0,57.94722222222222,2009-04-14 12:30:00,2009-06-11 11:14:00,0.005044590383970028,2009-05-13 11:52:00
100,G57,-0.01319000000000159,Station 3,17.0,20.0,57.953472222222224,2009-04-14 12:28:00,2009-06-11 11:21:00,-0.00022759637161039493,2009-05-13 11:54:30
101,G58,0.18158000000000385,Flatman,16.0,17.0,26.98402777777778,2009-03-17 12:45:00,2009-04-13 12:22:00,0.006729165916051304,2009-03-31 00:33:30
102,G59,-0.012709999999998445,Trinity,16.0,17.0,27.01736111111111,2009-03-17 11:35:00,2009-04-13 12:00:00,-0.00047043824701189466,2009-03-30 23:47:30
103,G60,0.1820900000000023,Station 2,17.0,20.0,56.84583333333333,2009-04-14 12:26:00,2009-06-11 11:03:00,0.0032032250971194423,2009-05-13 11:44:30
104,G61,0.08995000000000175,Borehole,16.0,17.0,26.999305555555555,2009-03-17 11:29:00,2009-04-13 11:28:00,0.0033315671699375633,2009-03-30 23:28:30
105,G62,0.11116999999999422,Station 4,16.0,17.0,26.979861111111113,2009-03-17 11:20:00,2009-04-13 10:51:00,0.004120480811304514,2009-03-30 23:05:30
106,G63,0.06846000000000174,Station 2,16.0,17.0,27.00138888888889,2009-03-17 11:03:00,2009-04-13 11:05:00,0.0025354251324520988,2009-03-30 23:04:00
107,G64,-0.00421999999999656,Station 3,16.0,17.0,26.993055555555557,2009-03-17 11:11:00,2009-04-13 11:01:00,-0.00015633650630293404,2009-03-30 23:06:00
108,G65,-0.02648999999999546,Trinity,17.0,20.0,56.97083333333333,2009-04-14 11:25:00,2009-06-11 12:46:00,-0.0004649747677904564,2009-05-13 12:05:30
109,G66,0.22885000000000133,Borehole,17.0,20.0,58.075694444444444,2009-04-14 11:08:00,2009-06-11 12:57:00,0.003940546939458823,2009-05-13 12:02:30
110,G67,-0.00544999999999618,Stumpy,25.0,25.0,26.90763888888889,2009-09-22 13:02:00,2009-10-19 10:49:00,-0.00020254471313893978,2009-10-05 23:55:30
111,G68,,Robin,18.0,21.0,75.87916666666666,2009-04-21 12:54:00,2009-07-06 10:00:00,,2009-05-29 11:27:00
112,G69,,Snowman,18.0,21.0,75.89027777777778,2009-04-21 12:38:00,2009-07-06 10:00:00,,2009-05-29 11:19:00
113,G70,-0.40881999999999863,Chrome Dome,18.0,21.0,75.8951388888889,2009-04-21 12:31:00,2009-07-06 10:00:00,-0.0053866427545315445,2009-05-29 11:15:30
114,G71,,Amidala,20.0,23.0,70.05972222222222,2009-06-12 10:34:00,2009-08-21 12:00:00,,2009-07-17 11:17:00
115,G72,0.05548999999999893,Stumpys Brother,20.0,23.0,68.97222222222223,2009-06-12 10:35:00,2009-08-21 12:00:00,0.0008045267821183895,2009-07-17 11:17:30
116,G73,0.011630000000003804,Stumpy,20.0,23.0,68.99861111111112,2009-06-12 10:43:00,2009-08-21 11:50:00,0.00016855411743398093,2009-07-17 11:16:30
117,G74,0.005089999999995598,Robin,24.0,27.0,59.12361111111111,2009-09-11 11:47:00,2009-11-09 14:45:00,8.609081726131294e-05,2009-10-11 01:16:00
118,G75,0.6112099999999927,Flatman,26.0,29.0,59.97291666666667,2009-10-21 12:32:00,2009-12-21 13:06:00,0.010191433633237103,2009-11-21 00:49:00
119,G76,0.6650100000000023,Station 1,20.0,23.0,69.01388888888889,2009-06-12 10:23:00,2009-08-21 11:27:00,0.009635886496276952,2009-07-17 10:55:00
120,G77,0.09232000000000085,Stumpys Brother,19.0,20.0,28.950694444444444,2009-05-13 13:20:00,2009-06-11 12:09:00,0.003188869965698415,2009-05-28 00:44:30
121,G78,-0.0020000000000024443,Amidala,19.0,20.0,28.95,2009-05-13 13:22:00,2009-06-11 12:10:00,-6.908462867020534e-05,2009-05-28 00:46:00
122,G79,0.10806999999999789,Station 2,20.0,23.0,70.04583333333333,2009-06-12 10:24:00,2009-08-21 11:30:00,0.0015428469454523523,2009-07-17 10:57:00
123,G80,0.4413599999999889,Flatman,23.0,25.0,56.90416666666667,2009-08-22 12:33:00,2009-10-19 11:57:00,0.0077561982865927605,2009-09-20 12:15:00
124,G81,0.047519999999998674,Station 2,23.0,25.0,56.87708333333333,2009-08-22 12:12:00,2009-10-19 11:15:00,0.0008354858796380852,2009-09-20 11:43:30
125,G82,0.04791999999999774,Station 1,23.0,25.0,56.88194444444444,2009-08-22 12:15:00,2009-10-19 11:24:00,0.0008424465877181877,2009-09-20 11:49:30
126,G83,-0.015540000000001442,Snowman,21.0,24.0,67.01736111111111,2009-07-06 10:12:00,2009-09-11 10:37:00,-0.00023188021346046397,2009-08-08 22:24:30
127,G84,-0.007260000000002265,Amidala,23.0,25.0,56.87013888888889,2009-08-22 12:03:00,2009-10-19 10:54:00,-0.0001276592626964852,2009-09-20 11:28:30
128,G85,-0.021280000000004407,Trinity,23.0,25.0,56.90138888888889,2009-08-22 11:40:00,2009-10-19 11:43:00,-0.00037398032658847354,2009-09-20 11:41:30
129,G86,0.24789999999999424,Chrome Dome,24.0,27.0,59.196527777777774,2009-09-11 10:27:00,2009-11-09 15:10:00,0.004187745621341245,2009-10-11 00:48:30
130,G87,-0.020129999999994652,Trinity,20.0,23.0,70.05416666666666,2009-06-12 11:20:00,2009-08-21 12:38:00,-0.0002873490751203662,2009-07-17 11:59:00
131,G88,,Chrome Dome,21.0,24.0,67.02430555555556,2009-07-06 10:02:00,2009-09-11 10:37:00,,2009-08-08 22:19:30
132,G89,0.38301000000000585,Snowman,24.0,27.0,59.15,2009-09-11 11:18:00,2009-11-09 14:54:00,0.006475232459847944,2009-10-11 01:06:00
133,G90,0.02907000000000437,Trinity,26.0,29.0,59.93263888888889,2009-10-21 13:00:00,2009-12-21 12:47:00,0.00048504455233313204,2009-11-21 00:53:30
134,G91,-0.0012400000000027944,Amidala,29.0,31.0,79.94583333333334,2009-12-22 10:58:00,2010-03-13 12:02:00,-1.5510501902364656e-05,2010-01-31 23:30:00
135,G92,0.13410999999999973,Stumpys Brother,26.0,29.0,59.85,2009-10-21 11:58:00,2009-12-21 11:25:00,0.0022407685881370046,2009-11-20 23:41:30
136,G93,0.03742000000000445,Stumpy,26.0,29.0,59.89513888888889,2009-10-21 12:00:00,2009-12-21 11:20:00,0.0006247585479252677,2009-11-20 23:40:00
137,G94,0.1980700000000013,Station 1,26.0,29.0,59.88055555555555,2009-10-21 12:20:00,2009-12-21 10:58:00,0.0033077515424224367,2009-11-20 23:39:00
138,G95,0.12130000000000507,Station 2,26.0,29.0,59.86944444444445,2009-10-21 12:18:00,2009-12-21 11:02:00,0.002026075256344909,2009-11-20 23:40:00
139,G96,0.46499000000000024,Flatman,20.0,23.0,68.99027777777778,2009-06-12 12:51:00,2009-08-21 13:01:00,0.00673993517605138,2009-07-17 12:56:00
140,G97,0.003150000000005093,Amidala,26.0,29.0,59.83611111111111,2009-10-21 12:24:00,2009-12-21 11:28:00,5.264379555275213e-05,2009-11-20 23:56:00
141,G98,0.25369999999999493,Stumpys Brother,29.0,31.0,79.94375,2009-12-22 11:10:00,2010-03-13 11:58:00,0.003173481354077022,2010-01-31 23:34:00
142,G99,0.22368999999999772,Station 1,29.0,31.0,79.91875,2009-12-22 11:37:00,2010-03-13 11:47:00,0.0027989677015718803,2010-01-31 23:42:00
143,GC1,0.0819100000000006,Stumpy,29.0,31.0,79.94027777777778,2009-12-22 11:12:00,2010-03-13 11:53:00,0.001024639922164123,2010-01-31 23:32:30
144,GC2,0.2954700000000017,Station 2,29.0,31.0,79.95833333333333,2009-12-22 11:37:00,2010-03-13 11:44:00,0.003695299635226702,2010-01-31 23:40:30
145,GC3,,Trinity,29.0,31.0,80.02986111111112,2009-12-22 12:15:00,2010-03-13 11:53:00,,2010-02-01 00:04:00
146,GC4,,Flatman,29.0,31.0,79.89791666666666,2009-12-22 12:47:00,2010-03-13 11:44:00,,2010-02-01 00:15:30
147,G167,0.10359000000000407,Station 1,46.0,49.0,60.93472222222222,2011-02-22 09:45:00,2011-04-25 09:37:00,0.0017000159551433212,2011-03-25 09:41:00
148,G168,-0.04129999999999967,Trinity,53.0,56.0,67.99583333333334,2011-06-21 10:53:00,2011-08-29 10:49:00,-0.0006073901587107005,2011-07-25 22:51:00
149,G169,-0.00013999999999469992,Amidala,46.0,49.0,60.93958333333333,2011-02-22 09:21:00,2011-04-25 09:25:00,-2.2973573552171193e-06,2011-03-25 09:23:00
150,G170,0.21168999999999727,Stumpys Brother,46.0,49.0,60.93819444444444,2011-02-22 09:17:00,2011-04-25 09:19:00,0.003473847591480394,2011-03-25 09:18:00
151,G171,-0.0013399999999990087,Stumpy,47.0,49.0,26.93125,2011-03-29 11:01:00,2011-04-25 09:22:00,-4.975632397304279e-05,2011-04-11 22:11:30
152,G172,0.6870800000000017,Chrome Dome,48.0,55.0,121.05555555555556,2011-04-06 13:21:00,2011-08-05 14:41:00,0.005675741165672341,2011-06-06 02:01:00
153,G173,-0.03412000000000148,Trinity,46.0,49.0,61.35347222222222,2011-02-22 10:20:00,2011-04-25 09:30:00,-0.0005561217444453489,2011-03-25 09:55:00
154,G174,0.2388999999999939,Station 2,46.0,49.0,60.93263888888889,2011-02-22 09:47:00,2011-04-25 10:01:00,0.003920723020639723,2011-03-25 09:54:00
155,G175,0.7776100000000028,Flatman,46.0,49.0,61.40833333333333,2011-02-22 10:05:00,2011-04-25 10:14:00,0.012662939340480437,2011-03-25 10:09:30
156,G176,-0.004989999999999384,Amidala,53.0,56.0,68.02986111111112,2011-06-21 09:57:00,2011-08-29 09:56:00,-7.335014240069324e-05,2011-07-25 21:56:30
157,G177,-0.034459999999995716,Snowman,48.0,55.0,121.05069444444445,2011-04-06 13:32:00,2011-08-05 14:45:00,-0.0002846741206909056,2011-06-06 02:08:30
158,G178,0.019120000000000914,Station 1,53.0,56.0,68.03402777777778,2011-06-21 10:15:00,2011-08-29 10:19:00,0.0002810358378670938,2011-07-25 22:17:00
159,G179,0.1113199999999992,Station 2,53.0,56.0,68.02986111111112,2011-06-21 10:17:00,2011-08-29 10:09:00,0.0016363402509110463,2011-07-25 22:13:00
160,G180,0.2035020000000003,Trinity,59.0,61.0,54.02569444444445,2011-10-25 10:54:00,2011-12-19 11:01:00,0.0037667632427985705,2011-11-21 22:57:30
161,G181,-0.029350000000000875,Stumpy,53.0,56.0,68.02222222222223,2011-06-21 09:56:00,2011-08-29 09:51:00,-0.00043147664162039833,2011-07-25 21:53:30
162,G182,0.704659999999997,Flatman,49.0,53.0,53.96875,2011-04-26 09:46:00,2011-06-20 09:55:00,0.013056815286624147,2011-05-23 21:50:30
163,G183,0.031189999999995166,Stumpys Brother,53.0,56.0,68.02569444444444,2011-06-21 09:54:00,2011-08-29 09:54:00,0.0004585032208008927,2011-07-25 21:54:00
164,G184,0.6797499999999985,Flatman,53.0,56.0,68.0736111111111,2011-06-21 09:33:00,2011-08-29 10:38:00,0.009985514047293554,2011-07-25 22:05:30
165,G185,0.26762000000000086,Station 2,49.0,53.0,54.03194444444444,2011-04-26 09:14:00,2011-06-20 10:18:00,0.004952995912911617,2011-05-23 21:46:00
166,G186,0.677109999999999,Flatman,56.0,59.0,53.97986111111111,2011-08-30 11:40:00,2011-10-24 10:21:00,0.012543752170948509,2011-09-26 23:00:30
167,G187,0.1704600000000056,Stumpys Brother,49.0,53.0,54.00347222222222,2011-04-26 09:10:00,2011-06-20 09:58:00,0.0031564637047515986,2011-05-23 21:34:00
168,G188,0.08248000000001099,Station 1,49.0,53.0,54.03472222222222,2011-04-26 09:15:00,2011-06-20 10:26:00,0.0015264259092663645,2011-05-23 21:50:30
169,G189,0.010230000000007067,Stumpy,49.0,53.0,54.00208333333333,2011-04-26 09:10:00,2011-06-20 09:56:00,0.0001894371359130972,2011-05-23 21:33:00
170,G190,-0.0379999999999967,Trinity,49.0,53.0,53.96111111111111,2011-04-26 10:22:00,2011-06-20 10:14:00,-0.0007042108514361585,2011-05-23 22:18:00
171,G191,0.0026000000000081513,Amidala,49.0,53.0,54.00972222222222,2011-04-26 09:11:00,2011-06-20 10:05:00,4.813948106065958e-05,2011-05-23 21:38:00
172,G197,0.02271999999999963,Stumpy,64.0,67.0,53.96805555555556,2012-02-28 10:00:00,2012-04-23 09:38:00,0.0004209897830506661,2012-03-26 21:49:00
173,G207,-0.01688000000000045,Trinity,56.0,59.0,54.0125,2011-08-30 10:52:00,2011-10-24 10:31:00,-0.00031252024994215134,2011-09-26 22:41:30
174,G194,-0.009019999999999584,Stumpy,56.0,59.0,53.980555555555554,2011-08-30 11:19:00,2011-10-24 10:05:00,-0.000167097205783968,2011-09-26 22:42:00
175,G198,0.03336000000000183,Stumpys Brother,56.0,59.0,53.980555555555554,2011-08-30 11:20:00,2011-10-24 10:06:00,0.0006180003087531858,2011-09-26 22:43:00
176,G206,0.12273000000001133,Station 2,56.0,59.0,53.89791666666667,2011-08-30 11:33:00,2011-10-24 09:45:00,0.0022770824475283305,2011-09-26 22:39:00
177,G208,-0.02656000000000347,Robin,55.0,59.0,79.95347222222222,2011-08-05 14:50:00,2011-10-24 13:43:00,-0.0003321932026439422,2011-09-14 14:16:30
178,G204,1.0928650000000033,Station 1,59.0,61.0,54.09791666666667,2011-10-25 09:45:00,2011-12-19 10:40:00,0.020201609735433494,2011-11-21 22:12:30
179,G201,0.29590500000000475,Station 2,59.0,61.0,54.00138888888889,2011-10-25 09:54:00,2011-12-19 10:42:00,0.005479581286489633,2011-11-21 22:18:00
180,G192,1.1557950000000048,Chrome Dome,59.0,63.0,90.96111111111111,2011-10-24 13:59:00,2012-01-23 13:03:00,0.012706474073169296,2011-12-09 01:31:00
181,G196,0.23786000000000485,Chrome Dome,55.0,59.0,79.95694444444445,2011-08-05 14:42:00,2011-10-24 13:40:00,0.0029748510483073093,2011-09-14 14:11:00
182,G193,0.04432200000000108,Amidala,59.0,61.0,54.07361111111111,2011-10-25 09:29:00,2011-12-19 10:24:00,0.0008196604422983274,2011-11-21 21:56:30
183,G209,0.023030000000005657,Snowman,55.0,59.0,79.9625,2011-08-05 14:47:00,2011-10-24 13:53:00,0.00028801000468976903,2011-09-14 14:20:00
184,G200,0.0051819999999977995,Stumpy,59.0,61.0,54.136805555555554,2011-10-25 09:24:00,2011-12-19 10:22:00,9.572046127989573e-05,2011-11-21 21:53:00
185,G195,0.8967419999999962,Flatman,59.0,61.0,54.07083333333333,2011-10-25 08:59:00,2011-12-19 10:04:00,0.01658457887030894,2011-11-21 21:31:30
186,G203,1.1925469999999976,Snowman,59.0,63.0,90.99652777777777,2011-10-24 13:45:00,2012-01-23 13:40:00,0.013105412141794151,2011-12-09 01:42:30
187,G210,-0.005079999999999529,Amidala,56.0,59.0,53.97569444444444,2011-08-30 11:27:00,2011-10-24 10:06:00,-9.411643615309517e-05,2011-09-26 22:46:30
188,G205,0.19999500000000126,Robin,59.0,63.0,90.98263888888889,2011-10-24 13:54:00,2012-01-23 13:29:00,0.002198166622142517,2011-12-09 01:41:30
189,G199,0.17640199999999595,Stumpys Brother,59.0,61.0,54.07222222222222,2011-10-25 09:28:00,2011-12-19 10:22:00,0.0032623404911126344,2011-11-21 21:55:00
190,G202,0.16118999999999772,Station 1,56.0,59.0,53.97361111111111,2011-08-30 11:32:00,2011-10-24 09:57:00,0.0029864594323357188,2011-09-26 22:44:30
191,1194,-0.009629999999994254,Amidala,64.0,67.0,53.97847222222222,2012-02-28 10:02:00,2012-04-23 09:56:00,-0.00017840445650904715,2012-03-26 21:59:00
192,1192,0.0641250000000042,Amidala,61.0,64.0,68.04305555555555,2011-12-20 09:32:00,2012-02-27 10:15:00,0.0009424179951420267,2012-01-23 21:53:30
193,1191,0.17371000000000691,Station 2,64.0,67.0,53.34861111111111,2012-02-28 12:56:00,2012-04-23 10:12:00,0.003256129754497539,2012-03-26 23:34:00
194,1190,0.02242700000000042,Stumpy,61.0,64.0,68.04722222222222,2011-12-20 09:29:00,2012-02-27 10:19:00,0.0003295799485651366,2012-01-23 21:54:00
195,1188,-0.008369999999999322,Trinity,64.0,67.0,53.87083333333333,2012-02-28 12:17:00,2012-04-23 10:55:00,-0.0001553716451388226,2012-03-26 23:36:00
196,1186,0.9405670000000015,Flatman,61.0,64.0,68.02430555555556,2011-12-20 10:19:00,2012-02-27 10:44:00,0.013826925424940045,2012-01-23 22:31:30
197,1187,0.647039999999997,Chrome Dome,63.0,67.0,91.02291666666666,2012-01-23 13:03:00,2012-04-23 13:36:00,0.007108539516147458,2012-03-09 01:19:30
198,1219,0.3224270000000047,Station 2,61.0,64.0,68.00416666666666,2011-12-20 09:52:00,2012-02-27 09:48:00,0.0047412830096195775,2012-01-23 21:50:00
199,1221,0.002780000000001337,Station 1,64.0,67.0,53.954166666666666,2012-02-28 10:14:00,2012-04-23 10:15:00,5.15252143022875e-05,2012-03-26 22:14:30
200,1213,0.17578499999999764,Station 1,61.0,64.0,68.01527777777778,2011-12-20 09:53:00,2012-02-27 09:50:00,0.0025844928631230378,2012-01-23 21:51:30
201,1220,0.36047999999999547,Snowman,63.0,67.0,91.00347222222223,2012-01-23 13:40:00,2012-04-23 13:45:00,0.003961167537868621,2012-03-09 01:42:30
202,1214,0.2694749999999999,Stumpys Brother,61.0,64.0,68.04444444444445,2011-12-20 09:31:00,2012-02-27 10:17:00,0.003960279229261918,2012-01-23 21:54:00
203,1222,0.07649000000000683,Robin,63.0,67.0,91.01388888888889,2012-01-23 13:32:00,2012-04-23 13:52:00,0.000840421181138485,2012-03-09 01:42:00
204,1212,0.03954499999999683,Trinity,61.0,64.0,67.97152777777778,2011-12-20 10:51:00,2012-02-27 10:54:00,0.0005817877174878721,2012-01-23 22:52:30
205,1217,0.1736099999999965,Stumpys Brother,64.0,67.0,53.97430555555555,2012-02-28 10:01:00,2012-04-23 09:49:00,0.0032165304993373254,2012-03-26 21:55:00
206,G219,-0.01517000000000479,Robin,67.0,71.0,102.00416666666666,2012-04-23 13:52:00,2012-08-03 13:58:00,-0.00014871941505662146,2012-06-13 13:55:00
207,G213,0.5261500000000012,Flatman,64.0,67.0,54.02986111111111,2012-02-28 10:35:00,2012-04-23 10:41:00,0.009738133490996514,2012-03-26 22:38:00
208,G218,-0.03481000000000023,Snowman,67.0,71.0,102.01319444444445,2012-04-23 13:45:00,2012-08-03 14:04:00,-0.00034123036916521097,2012-06-13 13:54:30
209,G221,0.2405600000000021,Station 2,67.0,69.0,64.01805555555555,2012-04-24 09:58:00,2012-06-28 10:20:00,0.0037576898878354963,2012-05-26 22:09:00
210,G212,-0.012770000000003279,Station 1,67.0,69.0,64.01527777777778,2012-04-24 09:56:00,2012-06-28 10:25:00,-0.00019948363020985354,2012-05-26 22:10:30
211,G214,0.007099999999994111,Stumpy,67.0,69.0,64.03194444444445,2012-04-24 09:43:00,2012-06-28 09:56:00,0.00011088215517419169,2012-05-26 21:49:30
212,G217,0.3113000000000028,Flatman,67.0,69.0,65.08194444444445,2012-04-24 09:24:00,2012-06-28 10:47:00,0.004783200665827312,2012-05-26 22:05:30
213,G215,-1.1171800000000047,Snowman,71.0,75.0,80.05069444444445,2012-08-03 14:04:00,2012-10-22 15:17:00,-0.013955906413470689,2012-09-12 14:40:30
214,G216,,Flatman,72.0,75.0,54.02361111111111,2012-08-28 10:30:00,2012-10-22 10:55:00,,2012-09-24 22:42:30
215,G220,-0.030799999999999272,Trinity,72.0,75.0,54.46597222222222,2012-08-28 12:27:00,2012-10-22 11:17:00,-0.0005654906860807456,2012-09-24 23:52:00
216,G236,0.16890999999998968,Stumpys Brother,67.0,69.0,65.03125,2012-04-24 09:44:00,2012-06-28 10:00:00,0.002597366650648568,2012-05-26 21:52:00
217,G241,0.006169999999997344,Amidala,67.0,69.0,64.04097222222222,2012-04-24 09:44:00,2012-06-28 10:06:00,9.634457107533345e-05,2012-05-26 21:55:00
218,G232,-0.02124000000000592,Trinity,67.0,69.0,64.94305555555556,2012-04-24 11:42:00,2012-06-28 11:03:00,-0.00032705575397258844,2012-05-26 23:22:30
219,G225,-0.002830000000002997,Stumpy,69.0,72.0,58.05,2012-06-29 09:44:00,2012-08-27 10:15:00,-4.875107665810503e-05,2012-07-28 21:59:30
220,G238,0.00995999999999242,Stumpys Brother,69.0,72.0,58.050694444444446,2012-06-29 09:46:00,2012-08-27 10:17:00,0.00017157417487097105,2012-07-28 22:01:30
221,G228,-0.008829999999996119,Amidala,69.0,72.0,58.05277777777778,2012-06-29 09:47:00,2012-08-27 10:21:00,-0.00015210297143397305,2012-07-28 22:04:00
222,G230,0.009010000000003515,Station 1,69.0,72.0,58.00486111111111,2012-06-29 09:56:00,2012-08-27 10:01:00,0.00015533180887623239,2012-07-28 21:58:30
223,G223,0.09488999999999947,Station 2,69.0,72.0,57.99861111111111,2012-06-29 09:59:00,2012-08-27 09:57:00,0.0016360736607677296,2012-07-28 21:58:00
224,G239,0.5032599999999903,Flatman,69.0,72.0,58.09027777777778,2012-06-29 10:09:00,2012-08-27 10:56:00,0.00866341183502673,2012-07-28 22:32:30
225,G235,-0.01769000000000176,Trinity,69.0,72.0,57.96388888888889,2012-06-29 11:28:00,2012-08-27 11:11:00,-0.0003051900129391208,2012-07-28 23:19:30
226,G222,-0.003069999999993911,Stumpy,72.0,75.0,54.014583333333334,2012-08-28 10:07:00,2012-10-22 10:26:00,-5.683650248764135e-05,2012-09-24 22:16:30
227,G240,0.02580999999999989,Stumpys Brother,72.0,75.0,54.018055555555556,2012-08-28 10:07:00,2012-10-22 10:28:00,0.00047780320366132517,2012-09-24 22:17:30
228,G233,-0.01167000000000229,Amidala,72.0,75.0,54.02013888888889,2012-08-28 10:08:00,2012-10-22 10:30:00,-0.0002160305441643844,2012-09-24 22:19:00
229,G226,0.09285999999999461,Station 1,72.0,75.0,54.00833333333333,2012-08-28 09:56:00,2012-10-22 09:58:00,0.0017193642956332901,2012-09-24 21:57:00
230,G237,0.10137000000000285,Station 2,72.0,75.0,54.018055555555556,2012-08-28 09:45:00,2012-10-22 10:02:00,0.0018765947599825687,2012-09-24 21:53:30
231,G259,0.00973000000000468,Stumpy,75.0,77.0,58.015277777777776,2012-10-23 10:14:00,2012-12-21 11:00:00,0.00016771444303472193,2012-11-21 22:37:00
232,G224,0.07627000000000805,Stumpys Brother,75.0,77.0,58.018055555555556,2012-10-23 10:18:00,2012-12-21 11:04:00,0.0013145907643694684,2012-11-21 22:41:00
233,G234,0.06653999999999627,Amidala,75.0,77.0,58.013194444444444,2012-10-23 10:25:00,2012-12-21 11:05:00,0.0011469804522437979,2012-11-21 22:45:00
234,G256,0.050059999999994886,Station 1,75.0,77.0,58.020833333333336,2012-10-23 09:54:00,2012-12-21 11:22:00,0.0008627935368042206,2012-11-21 22:38:00
235,G248,0.20847000000000548,Station 2,75.0,77.0,58.00555555555555,2012-10-23 10:03:00,2012-12-21 11:20:00,0.003593966095201704,2012-11-21 22:41:30
236,G257,0.08441000000000543,Flatman,75.0,77.0,58.00972222222222,2012-10-23 10:39:00,2012-12-21 10:40:00,0.0014551009169919771,2012-11-21 22:39:30
237,G245,-0.010500000000000398,Trinity,75.0,77.0,58.02777777777778,2012-10-23 10:39:00,2012-12-21 11:55:00,-0.00018094782192437257,2012-11-21 23:17:00
238,G253,0.03522999999999854,Stumpy,77.0,80.0,56.84930555555555,2012-12-22 12:09:00,2013-02-18 09:53:00,0.0006197085374344685,2013-01-20 11:01:00
239,G247,0.14701000000000164,Stumpys Brother,77.0,80.0,56.86666666666667,2012-12-22 12:09:00,2013-02-18 09:54:00,0.002585169988276699,2013-01-20 11:01:30
240,G244,0.13647000000000276,Amidala,77.0,80.0,56.8875,2012-12-22 12:09:00,2013-02-18 09:55:00,0.002398945286750213,2013-01-20 11:02:00
241,G260,-0.016799999999996373,Station 1,77.0,80.0,56.81666666666667,2012-12-22 12:21:00,2013-02-18 10:10:00,-0.0002956878850102031,2013-01-20 11:15:30
242,G255,0.21387999999999607,Station 2,77.0,80.0,56.795833333333334,2012-12-22 12:42:00,2013-02-18 10:09:00,0.003765769202552935,2013-01-20 11:25:30
243,G251,0.7618700000000018,Flatman,77.0,80.0,56.77708333333333,2012-12-22 12:53:00,2013-02-18 09:32:00,0.013418618133783469,2013-01-20 11:12:30
244,G258,-0.942300000000003,Trinity,77.0,80.0,56.825694444444444,2012-12-22 13:24:00,2013-02-18 10:36:00,-0.016582287453103476,2013-01-20 12:00:00
245,G261,0.2626300000000015,Stumpys Brother,82.0,85.0,62.09305555555556,2013-04-23 11:06:00,2013-06-25 13:45:00,0.004229619522669851,2013-05-25 00:25:30
246,G262,2.1883400000000037,Amidala,80.0,82.0,60.91180555555555,2013-02-19 11:42:00,2013-04-22 10:26:00,0.03592636895329091,2013-03-22 11:04:00
247,G263,-0.019069999999999254,Trinity,82.0,85.0,62.053472222222226,2013-04-23 12:25:00,2013-06-25 14:21:00,-0.00030731559922556626,2013-05-25 01:23:00
248,G264,0.20363999999999294,Station 2,80.0,82.0,60.83263888888889,2013-02-19 12:05:00,2013-04-22 10:02:00,0.0033475450632996936,2013-03-22 11:03:30
249,G265,-0.009659999999996671,Station 1,80.0,82.0,60.85,2013-02-19 11:54:00,2013-04-22 10:03:00,-0.00015875102711580396,2013-03-22 10:58:30
250,G266,0.07023000000000224,Stumpy,82.0,85.0,62.125,2013-04-23 10:31:00,2013-06-25 13:43:00,0.0011304627766599957,2013-05-25 00:07:00
251,G267,0.6972600000000071,Flatman,80.0,82.0,60.989583333333336,2013-02-19 10:43:00,2013-04-22 09:46:00,0.011432444064901908,2013-03-22 10:14:30
252,G268,0.20784999999999343,Station 2,82.0,85.0,61.80555555555556,2013-04-23 11:55:00,2013-06-25 08:30:00,0.003362966292134725,2013-05-24 22:12:30
253,G269,0.09683999999999315,Robin,79.0,83.0,120.72430555555556,2013-01-16 16:19:00,2013-05-17 09:42:00,0.0008021582692428809,2013-03-18 01:00:30
254,G270,0.07849999999999824,Stumpy,80.0,82.0,59.90555555555556,2013-02-20 12:08:00,2013-04-22 10:25:00,0.0013103959936937477,2013-03-22 23:16:30
255,G271,-0.008540000000003545,Trinity,80.0,82.0,60.884027777777774,2013-02-19 12:33:00,2013-04-22 11:06:00,-0.00014026667274993562,2013-03-22 11:49:30
256,G272,0.08618999999999488,Amidala,82.0,85.0,62.08819444444445,2013-04-23 11:12:00,2013-06-25 13:46:00,0.001388186607312544,2013-05-25 00:29:00
257,G273,0.21802999999999884,Stumpys Brother,80.0,82.0,59.77361111111111,2013-02-20 14:00:00,2013-04-22 10:25:00,0.003647596254385742,2013-03-23 00:12:30
258,G274,-0.013770000000000948,Station 1,82.0,85.0,62.0625,2013-04-23 11:33:00,2013-06-25 14:02:00,-0.0002218731117824926,2013-05-25 00:47:30
259,G275,0.651130000000002,Flatman,82.0,85.0,61.977777777777774,2013-04-23 12:11:00,2013-06-25 13:22:00,0.010505862316242414,2013-05-25 00:46:30
260,G276,0.009709999999998331,Stumpy,85.0,88.0,60.0,2013-06-26 10:14:00,2013-08-26 10:26:00,0.00016183333333330552,2013-07-26 22:20:00
261,G277,0.12753000000000014,Chrome Dome,86.0,90.0,82.9875,2013-07-23 10:15:00,2013-10-14 09:57:00,0.0015367374604609147,2013-09-02 22:06:00
262,G278,-0.028685000000002958,Robin,69.0,90.0,447.98541666666665,2012-07-23 10:36:00,2013-10-14 10:15:00,-6.40311022029243e-05,2013-03-04 10:25:30
263,G279,-2.0141999999999953,Snowman,86.0,90.0,83.00138888888888,2013-07-23 10:27:00,2013-10-14 10:29:00,-0.024267063804153156,2013-09-02 22:28:00
264,G280,0.0887300000000053,Station 2,85.0,88.0,59.96180555555556,2013-06-26 10:47:00,2013-08-26 10:08:00,0.0014797753199375487,2013-07-26 22:27:30
265,G281,0.02831000000000472,Stumpys Brother,85.0,88.0,60.0,2013-06-26 10:18:00,2013-08-26 10:30:00,0.000471833333333412,2013-07-26 22:24:00
266,G282,-0.005319999999997549,Amidala,85.0,88.0,60.00555555555555,2013-06-26 10:22:00,2013-08-26 10:41:00,-8.865845755018599e-05,2013-07-26 22:31:30
267,G283,-0.022949999999994475,Trinity,85.0,88.0,59.90763888888889,2013-06-26 11:40:00,2013-08-26 11:01:00,-0.00038308970985419737,2013-07-26 23:20:30
268,G284,-0.015609999999995239,Station 1,85.0,88.0,59.96875,2013-06-26 10:40:00,2013-08-26 10:10:00,-0.0002603022407503114,2013-07-26 22:25:00
269,G285,0.5425799999999938,Flatman,85.0,88.0,59.90277777777778,2013-06-26 12:00:00,2013-08-26 09:57:00,0.009057676791096581,2013-07-26 22:58:30
270,G229,0.18180000000000263,Chrome Dome,71.0,75.0,80.04861111111111,2012-08-03 13:48:00,2012-10-22 14:58:00,0.0022711199791793507,2012-09-12 14:23:00
271,G290,0.26158000000000214,Station 2,91.0,94.0,53.94166666666667,2013-10-22 11:27:00,2013-12-16 10:43:00,0.004849312528966515,2013-11-18 23:05:00
272,G291,-0.012269999999993786,Amidala,88.0,91.0,53.97083333333333,2013-08-27 11:17:00,2013-10-21 10:37:00,-0.00022734501659835626,2013-09-23 22:57:00
273,G292,0.005230000000004509,Stumpys Brother,88.0,91.0,53.97638888888889,2013-08-27 11:09:00,2013-10-21 10:34:00,9.689421815102402e-05,2013-09-23 22:51:30
274,G293,0.6354199999999963,Flatman,91.0,94.0,53.99305555555556,2013-10-22 10:06:00,2013-12-16 09:57:00,0.011768550482315045,2013-11-18 22:01:30
275,G294,-0.00942999999999472,Stumpy,88.0,91.0,53.980555555555554,2013-08-27 10:59:00,2013-10-21 10:31:00,-0.00017469253331951317,2013-09-23 22:45:00
276,G295,1.896410000000003,Chrome Dome,90.0,96.0,106.975,2013-10-14 10:01:00,2014-01-29 09:25:00,0.017727599906520244,2013-12-06 21:43:00
277,G296,0.011660000000006221,Station 1,88.0,91.0,53.950694444444444,2013-08-27 11:30:00,2013-10-21 10:56:00,0.00021612326069339236,2013-09-23 23:13:00
278,G297,0.016480000000001382,Amidala,91.0,94.0,54.0,2013-10-22 10:42:00,2013-12-16 10:23:00,0.0003051851851852108,2013-11-18 22:32:30
279,G298,0.12581999999999738,Robin,90.0,96.0,106.97291666666666,2013-10-14 10:20:00,2014-01-29 09:41:00,0.0011761855609869855,2013-12-06 22:00:30
280,G299,0.11637999999999948,Station 1,91.0,94.0,53.952083333333334,2013-10-22 11:16:00,2013-12-16 10:40:00,0.0021570992779086284,2013-11-18 22:58:00
281,G301,0.008789999999997633,Trinity,91.0,94.0,53.95763888888889,2013-10-22 11:45:00,2013-12-16 10:58:00,0.00016290557150023285,2013-11-18 23:21:30
282,G303,0.21987000000000023,Stumpys Brother,91.0,94.0,54.00208333333333,2013-10-22 10:37:00,2013-12-16 10:21:00,0.0040715095868215,2013-11-18 22:29:00
283,G304,-1.9710400000000021,Station 2,88.0,91.0,53.93263888888889,2013-08-27 11:40:00,2013-10-21 10:49:00,-0.03654632965504813,2013-09-23 23:14:30
284,G305,-0.02276000000000522,Trinity,88.0,91.0,53.93125,2013-08-27 12:04:00,2013-10-21 11:16:00,-0.0004220187739020553,2013-09-23 23:40:00
285,G306,0.09734999999999872,Snowman,90.0,96.0,106.98055555555555,2013-10-14 10:33:00,2014-01-29 10:05:00,0.0009099784488354461,2013-12-06 22:19:00
286,G307,1.396870000000007,Flatman,88.0,91.0,53.97430555555555,2013-08-27 10:41:00,2013-10-21 10:08:00,0.025880277395365723,2013-09-23 22:24:30
287,G308,0.054059999999999775,Stumpy,91.0,94.0,53.99652777777778,2013-10-22 10:35:00,2013-12-16 10:12:00,0.0010011754871069342,2013-11-18 22:23:30
288,G310,0.14247999999999905,Station 2,100.0,106.0,52.977777777777774,2014-04-23 11:16:00,2014-06-16 10:48:00,0.0026894295302013244,2014-05-20 11:02:00
289,G311,0.012019999999992592,Amidala,98.0,100.0,62.03402777777778,2014-02-18 11:05:00,2014-04-22 11:25:00,0.00019376462291069343,2014-03-21 23:15:00
290,G312,-0.014989999999997394,Trinity,100.0,106.0,52.922222222222224,2014-04-23 12:41:00,2014-06-16 11:12:00,-0.0002832458534536564,2014-05-20 11:56:30
291,G313,-0.009569999999996526,Station 1,98.0,100.0,62.03541666666667,2014-02-18 11:07:00,2014-04-22 11:40:00,-0.0001542667159216285,2014-03-21 23:23:30
292,G314,-0.00999999999999801,Station 1,100.0,106.0,52.99652777777778,2014-04-23 11:21:00,2014-06-16 10:28:00,-0.00018869160715451923,2014-05-20 10:54:30
293,G315,-0.01698999999999984,Trinity,98.0,100.0,61.96319444444445,2014-02-18 12:09:00,2014-04-22 12:01:00,-0.00027419503065215424,2014-03-22 00:05:00
294,G316,0.07036999999999694,Stumpy,94.0,98.0,60.9625,2013-12-17 10:16:00,2014-02-17 11:25:00,0.0011543161779782151,2014-01-17 10:50:30
295,G317,0.009309999999999263,Station 1,94.0,98.0,60.97708333333333,2013-12-17 10:31:00,2014-02-17 12:20:00,0.00015268031022582412,2014-01-17 11:25:30
296,G318,0.02538000000000551,Snowman,96.0,101.0,89.06319444444445,2014-01-29 10:09:00,2014-04-28 11:40:00,0.00028496619909402604,2014-03-14 22:54:30
297,G319,1.464819999999996,Chrome Dome,96.0,101.0,89.1,2014-01-29 09:29:00,2014-04-28 11:53:00,0.016440179573512865,2014-03-14 22:41:00
298,G320,1.007159999999999,Flatman,98.0,100.0,62.05625,2014-02-18 10:12:00,2014-04-22 11:00:00,0.016229791519790496,2014-03-21 22:36:00
299,G321,0.408610000000003,Station 2,94.0,98.0,60.9625,2013-12-17 10:42:00,2014-02-17 12:22:00,0.006702645068689818,2014-01-17 11:32:00
300,G322,-1.2668899999999965,Robin,96.0,101.0,89.06805555555556,2014-01-29 09:45:00,2014-04-28 11:23:00,-0.014223842567325196,2014-03-14 22:34:00
301,G323,0.8237999999999985,Flatman,94.0,98.0,61.013194444444444,2013-12-17 11:05:00,2014-02-17 13:15:00,0.013501997518751613,2014-01-17 12:10:00
302,G324,0.030509999999999593,Amidala,94.0,98.0,60.96736111111111,2013-12-17 10:18:00,2014-02-17 11:34:00,0.000500431697287932,2014-01-17 10:56:00
303,G325,0.01470000000000482,Trinity,94.0,98.0,60.96388888888889,2013-12-17 11:13:00,2014-02-17 12:49:00,0.00024112634984288218,2014-01-17 12:01:00
304,G326,0.29598000000000013,Stumpys Brother,94.0,98.0,60.96527777777778,2013-12-17 10:17:00,2014-02-17 11:30:00,0.004854894634924253,2014-01-17 10:53:30
305,G327,0.20717000000000496,Stumpys Brother,100.0,106.0,53.00694444444444,2014-04-23 10:59:00,2014-06-16 10:50:00,0.003908355823398496,2014-05-20 10:54:30
306,G328,0.6632200000000026,Flatman,100.0,106.0,53.00972222222222,2014-04-23 10:31:00,2014-06-16 10:13:00,0.012511289857730548,2014-05-20 10:22:00
307,G329,0.2184299999999979,Station 2,98.0,100.0,61.975,2014-02-18 11:00:00,2014-04-22 11:32:00,0.0035244856797095265,2014-03-21 23:16:00
308,G330,0.08536000000000143,Station 2,111.0,115.0,64.12569444444445,2014-08-26 10:20:00,2014-10-30 13:19:00,0.0013311356818748125,2014-09-27 23:49:30
309,G332,1.380590000000005,Robin,101.0,107.0,90.98611111111111,2014-04-28 11:27:00,2014-07-28 11:07:00,0.015173634559609276,2014-06-12 23:17:00
310,G333,0.046889999999997656,Stumpy,100.0,106.0,53.00625,2014-04-23 10:56:00,2014-06-16 10:49:00,0.0008846126636009462,2014-05-20 10:52:30
311,G335,-0.01787999999999812,Stumpys Brother,111.0,115.0,64.1138888888889,2014-08-26 10:14:00,2014-10-30 12:50:00,-0.0002788787314240857,2014-09-27 23:32:00
312,G336,-0.049190000000002954,Chrome Dome,101.0,107.0,90.96597222222222,2014-04-28 11:56:00,2014-07-28 11:07:00,-0.0005407516546938664,2014-06-12 23:31:30
313,G337,-0.008950000000005787,Amidala,111.0,115.0,64.11666666666666,2014-08-26 10:15:00,2014-10-30 12:54:00,-0.00013958929035621191,2014-09-27 23:34:30
314,G339,-0.0011700000000018917,Station 1,111.0,115.0,64.11458333333333,2014-08-26 10:22:00,2014-10-30 13:10:00,-1.8248578391581092e-05,2014-09-27 23:46:00
315,G340,0.5512900000000016,Flatman,111.0,115.0,64.12013888888889,2014-08-26 09:36:00,2014-10-30 12:09:00,0.008597766778941465,2014-09-27 22:52:30
316,G341,-0.004410000000000025,Station 1,106.0,111.0,63.9,2014-06-17 10:38:00,2014-08-26 10:20:00,-6.901408450704264e-05,2014-07-22 10:29:00
317,G342,0.5089400000000026,Flatman,106.0,109.0,49.96875,2014-06-17 10:19:00,2014-08-12 11:22:00,0.010185165728580414,2014-07-15 10:50:30
318,G343,-0.0043999999999897454,Amidala,106.0,111.0,63.9,2014-06-17 10:44:00,2014-08-26 10:10:00,-6.885758998419006e-05,2014-07-22 10:27:00
319,G344,0.568320000000007,Snowman,107.0,113.0,84.98055555555555,2014-07-28 11:15:00,2014-10-21 10:47:00,0.006687647501062418,2014-09-08 23:01:00
320,G345,0.7479900000000086,Snowman,113.0,119.0,107.54861111111111,2014-10-21 10:50:00,2015-02-06 00:00:00,0.006954901530315828,2014-12-14 05:25:00
321,G346,-0.005510000000001014,Stumpy,106.0,111.0,63.89930555555556,2014-06-17 10:42:00,2014-08-26 10:08:00,-8.622941911646428e-05,2014-07-22 10:25:00
322,G347,0.08465000000000344,Robin,107.0,113.0,84.99444444444444,2014-07-28 11:09:00,2014-10-21 11:01:00,0.0009959474475456317,2014-09-08 23:05:00
323,G348,0.061220000000005825,Robin,113.0,119.0,107.53888888888889,2014-10-21 11:04:00,2015-02-06 00:00:00,0.0005692824301286898,2014-12-14 05:32:00
324,G349,0.05378000000000327,Station 2,106.0,111.0,63.88472222222222,2014-06-17 10:46:00,2014-08-26 10:04:00,0.0008418288149227635,2014-07-22 10:25:00
325,G350,-0.02577999999999747,Trinity,111.0,115.0,64.15486111111112,2014-08-26 09:45:00,2014-10-30 14:08:00,-0.00040184016539835635,2014-09-27 23:56:30
326,G351,0.5706900000000061,Chrome Dome,107.0,113.0,84.97291666666666,2014-07-28 10:55:00,2014-10-21 10:16:00,0.00671613994655167,2014-09-08 22:35:30
327,G352,-0.024779999999999802,Trinity,106.0,111.0,63.77430555555556,2014-06-17 11:44:00,2014-08-26 09:43:00,-0.0003885577394239638,2014-07-22 10:43:30
328,G353,-0.013519999999992649,Stumpys Brother,106.0,111.0,63.89791666666667,2014-06-17 10:43:00,2014-08-26 10:09:00,-0.00021158749307151613,2014-07-22 10:26:00
329,G355,0.19147000000000247,Station 2,115.0,117.0,58.00347222222222,2014-10-31 12:37:00,2014-12-29 11:45:00,0.0033010092786591267,2014-11-30 00:11:00
330,G357,0.030059999999998865,Stumpy,115.0,117.0,58.05625,2014-10-31 11:38:00,2014-12-29 12:07:00,0.0005177737108407599,2014-11-29 23:52:30
331,G358,-0.0035399999999938814,Amidala,117.0,120.0,57.99513888888889,2014-12-30 11:20:00,2015-02-27 10:38:00,-6.103959862525822e-05,2015-01-28 22:59:00
332,G359,0.8837500000000063,Flatman,117.0,120.0,57.99375,2014-12-30 10:53:00,2015-02-27 10:25:00,0.015238711068003126,2015-01-28 22:39:00
333,G360,-0.21850999999999487,Station 1,115.0,117.0,58.00833333333333,2014-10-31 12:25:00,2014-12-29 11:33:00,-0.003766872575779254,2014-11-29 23:59:00
334,1537,0.27540000000000475,Stumpys Brother,98.0,100.0,62.02777777777778,2014-02-18 11:02:00,2014-04-22 11:24:00,0.004439946260635992,2014-03-21 23:13:00
335,1538,0.07833000000000112,Stumpy,98.0,100.0,62.02569444444445,2014-02-18 10:58:00,2014-04-22 11:22:00,0.0012628637325481332,2014-03-21 23:10:00
336,1702,-0.019079999999995323,Amidala,100.0,106.0,54.009027777777774,2014-04-23 11:01:00,2014-06-16 10:51:00,-0.00035327427256237083,2014-05-20 10:56:00
337,1705,-0.008429999999997051,Stumpy,111.0,115.0,64.10902777777778,2014-08-26 10:12:00,2014-10-30 12:41:00,-0.0001314947409469085,2014-09-27 23:26:30
338,G250,0.8821499999999958,Snowman,75.0,79.0,86.03541666666666,2012-10-22 15:17:00,2013-01-16 16:08:00,0.010253335593384458,2012-12-04 15:42:30
339,1520,-0.021000000000000796,Robin,83.0,86.0,67.03472222222223,2013-05-17 09:43:00,2013-07-23 10:33:00,-0.0003132704858593302,2013-06-19 22:08:00
340,G254,0.10854999999999393,Snowman,79.0,83.0,120.72152777777778,2013-01-16 16:08:00,2013-05-17 09:27:00,0.0008991768245329946,2013-03-18 00:47:30
341,G252,1.8699700000000021,Robin,75.0,79.0,86.03611111111111,2012-10-22 15:13:00,2013-01-16 16:05:00,0.021734710877215666,2012-12-04 15:39:00
342,G243,1.2195700000000045,Chrome Dome,79.0,83.0,120.72083333333333,2013-01-16 15:54:00,2013-05-17 09:12:00,0.010102398785075798,2013-03-18 00:33:00
343,G246,0.9311000000000007,Chrome Dome,75.0,79.0,86.03333333333333,2012-10-22 14:59:00,2013-01-16 15:47:00,0.010822549399457582,2012-12-04 15:23:00
344,G227,0.28074800000000266,Chrome Dome,67.0,71.0,102.00833333333334,2012-04-23 13:36:00,2012-08-03 13:48:00,0.002752206519075265,2012-06-13 13:42:00
345,G231,-0.013871999999999218,Robin,71.0,75.0,80.0513888888889,2012-08-03 13:59:00,2012-10-22 15:13:00,-0.00017328868608705236,2012-09-12 14:36:00
346,1521,0.5054799999999986,Chrome Dome,83.0,86.0,67.03541666666666,2013-05-17 09:20:00,2013-07-23 10:11:00,0.007540491655530327,2013-06-19 21:45:30
347,1539,-0.021909999999991214,Snowman,83.0,86.0,67.03680555555556,2013-05-17 09:31:00,2013-07-23 10:24:00,-0.0003268353827187319,2013-06-19 21:57:30
348,G363,,Amidala,120.0,122.0,60.988194444444446,2015-02-28 11:13:00,2015-05-01 12:16:00,,2015-03-31 11:44:30
349,G368,0.6102399999999975,Flatman,122.0,126.0,52.94444444444444,2015-05-02 12:06:00,2015-06-25 10:43:00,0.011526044071353572,2015-05-29 11:24:30
350,G371,0.06828000000000145,Stumpy,122.0,126.0,53.0,2015-05-02 11:16:00,2015-06-25 11:25:00,0.00128830188679248,2015-05-29 11:20:30
351,G373,0.06362000000000023,Stumpy,120.0,122.0,60.96736111111111,2015-02-28 11:48:00,2015-05-01 12:15:00,0.0010435091636007464,2015-03-31 12:01:30
352,G381,0.8429700000000011,Flatman,120.0,122.0,61.015277777777776,2015-02-28 10:50:00,2015-05-01 12:17:00,0.013815720106530715,2015-03-31 11:33:30
353,G361,1.9734600000000029,Chrome Dome,113.0,119.0,107.57013888888889,2014-10-21 10:19:00,2015-02-06 00:00:00,0.018345797638491708,2014-12-14 05:09:30
354,G364,0.008720000000003836,Trinity,115.0,117.0,57.921527777777776,2014-10-31 14:40:00,2014-12-29 12:30:00,0.00015054851511270666,2014-11-30 01:35:00
355,G365,0.16602999999999923,Station 2,122.0,126.0,53.013194444444444,2015-05-02 11:42:00,2015-06-25 10:59:00,0.0031318618268512672,2015-05-29 11:20:30
356,G366,0.05113999999999663,Station 1,117.0,120.0,57.955555555555556,2014-12-30 11:41:00,2015-02-27 10:50:00,0.0008824003067484081,2015-01-28 23:15:30
357,G367,0.1984199999999987,Station 2,117.0,120.0,57.928472222222226,2014-12-30 12:00:00,2015-02-27 10:51:00,0.003425258640325091,2015-01-28 23:25:30
358,G369,0.02549999999999386,Station 1,122.0,126.0,52.99652777777778,2015-05-02 11:58:00,2015-06-25 11:04:00,0.0004811635982440039,2015-05-29 11:31:00
359,G370,0.07898000000000138,Stumpy,117.0,120.0,57.99305555555556,2014-12-30 11:23:00,2015-02-27 10:33:00,0.0013618871991378516,2015-01-28 22:58:00
360,G372,0.051040000000007524,Trinity,117.0,120.0,57.85208333333333,2014-12-30 13:21:00,2015-02-27 11:04:00,0.0008822499909972852,2015-01-29 00:12:30
361,G375,0.2289299999999983,Stumpys Brother,117.0,120.0,57.99861111111111,2014-12-30 11:18:00,2015-02-27 10:37:00,0.003947163485715625,2015-01-28 22:57:30
362,G376,,Trinity,120.0,122.0,61.419444444444444,2015-02-28 12:45:00,2015-05-01 12:36:00,,2015-03-31 12:40:30
363,G377,0.014740000000010411,Station 1,120.0,122.0,60.93263888888889,2015-02-28 12:17:00,2015-05-01 12:19:00,0.0002419064768701206,2015-03-31 12:18:00
364,G378,0.08876000000000772,Stumpys Brother,115.0,117.0,58.046527777777776,2014-10-31 11:48:00,2014-12-29 12:07:00,0.00152911816430798,2014-11-29 23:57:30
365,G379,1.1342600000000047,Flatman,115.0,117.0,58.111805555555556,2014-10-31 10:52:00,2014-12-29 12:41:00,0.019518581278904493,2014-11-29 23:46:30
366,G380,0.007220000000003779,Amidala,115.0,117.0,59.050694444444446,2014-10-31 11:57:00,2014-12-29 12:07:00,0.00012226782543254316,2014-11-30 00:02:00
367,G382,0.3009500000000003,Station 2,120.0,122.0,60.90486111111111,2015-02-28 12:35:00,2015-05-01 12:18:00,0.004941313296010403,2015-03-31 12:26:30
368,G384,,Trinity,122.0,126.0,53.04375,2015-05-02 12:39:00,2015-06-25 13:09:00,,2015-05-29 12:54:00
369,G385,,Stumpys Brother,122.0,126.0,53.0,2015-05-02 11:18:00,2015-06-25 11:25:00,,2015-05-29 11:21:30
370,G386,0.02384999999999593,Stumpy,126.0,130.0,64.94305555555556,2015-06-26 10:10:00,2015-08-31 10:30:00,0.00036724480848600413,2015-07-29 10:20:00
371,G387,0.11978999999999473,Station 2,126.0,130.0,64.91597222222222,2015-06-26 10:55:00,2015-08-31 10:24:00,0.001845308571978652,2015-07-29 10:39:30
372,G388,,Trinity,126.0,130.0,64.95625,2015-06-26 10:48:00,2015-08-31 11:02:00,,2015-07-29 10:55:00
373,G389,,Stumpys Brother,126.0,130.0,64.94444444444444,2015-06-26 10:08:00,2015-08-31 10:29:00,,2015-07-29 10:18:30
374,G390,0.3914299999999926,Flatman,130.0,133.0,54.03541666666667,2015-09-01 09:47:00,2015-10-26 10:02:00,0.007243952654508865,2015-09-28 21:54:30
375,G391,-0.016290000000005023,Station 1,130.0,133.0,54.011805555555554,2015-09-01 10:42:00,2015-10-26 10:18:00,-0.00030160073029311023,2015-09-28 22:30:00
376,G392,-0.0048799999999999955,Station 2,130.0,133.0,54.013194444444444,2015-09-01 10:40:00,2015-10-26 10:17:00,-9.034829452680022e-05,2015-09-28 22:28:30
377,G393,0.0196200000000033,Station 1,126.0,130.0,64.92361111111111,2015-06-26 10:53:00,2015-08-31 10:27:00,0.00030220130495245217,2015-07-29 10:40:00
378,G394,0.7445599999999928,Flatman,126.0,130.0,64.92291666666667,2015-06-26 09:53:00,2015-08-31 10:11:00,0.01146836954080148,2015-07-29 10:02:00
379,G395,-0.013550000000002171,Stumpy,130.0,133.0,54.06319444444444,2015-09-01 10:05:00,2015-10-26 10:36:00,-0.0002506326187204163,2015-09-28 22:20:30
380,G396,,Stumpys Brother,130.0,133.0,54.06180555555556,2015-09-01 10:06:00,2015-10-26 10:36:00,,2015-09-28 22:21:00
381,G397,,Trinity,133.0,135.0,27.06875,2015-10-27 10:19:00,2015-11-23 11:58:00,,2015-11-09 23:08:30
382,G398,0.014200000000002433,Stumpy,133.0,135.0,27.054861111111112,2015-10-27 10:02:00,2015-11-23 11:21:00,0.0005248594676455634,2015-11-09 22:41:30
383,G399,,Stumpys Brother,133.0,135.0,27.054861111111112,2015-10-27 10:02:00,2015-11-23 11:21:00,,2015-11-09 22:41:30
384,G400,,Trinity,130.0,133.0,53.986805555555556,2015-09-01 11:14:00,2015-10-26 10:20:00,,2015-09-28 22:47:00
385,G401,0.009090000000000487,Station 1,133.0,135.0,27.04652777777778,2015-10-27 10:14:00,2015-11-23 11:21:00,0.00033608750353045675,2015-11-09 22:47:30
386,G402,0.0977099999999993,Station 2,133.0,135.0,27.070138888888888,2015-10-27 10:14:00,2015-11-23 11:55:00,0.0036095123265180214,2015-11-09 23:04:30
387,G403,0.32188999999999623,Flatman,133.0,135.0,27.094444444444445,2015-10-27 09:24:00,2015-11-23 11:40:00,0.01188029526348151,2015-11-09 22:32:00
