,idGroundwaterSampleDetails,SampleName,SiteName,idFieldTrip,Location,BeginFieldTrip,EndFieldTrip,Ca,DripVol,DripInterval,CO2,Temp
8,17.0,20080923 FTM,Flatman,9.0,Jinapsan Cave,2008-09-22 00:00:00,2008-09-23 00:00:00,82133.33333333333,0.069172165200391,12.5,4500.0,26.5
9,19.0,20080923 ST1,Station 1,9.0,Jinapsan Cave,2008-09-22 00:00:00,2008-09-23 00:00:00,52970.0,0.07733281962988695,44.83333333333333,4500.0,26.5
10,20.0,20080923 ST2,Station 2,9.0,Jinapsan Cave,2008-09-22 00:00:00,2008-09-23 00:00:00,79850.0,0.06755970148260797,29.5,4500.0,26.5
11,22.0,20080923 SMP,Stumpy,9.0,Jinapsan Cave,2008-09-22 00:00:00,2008-09-23 00:00:00,62910.0,0.0681365000394851,303.6616685093053,4500.0,26.5
12,23.0,20080923 TRN,Trinity,9.0,Jinapsan Cave,2008-09-22 00:00:00,2008-09-23 00:00:00,50170.0,0.06361111111111112,1.2818181818181817,4500.0,26.5
13,25.0,20081021 FTM,Flatman,10.0,Jinapsan Cave,2008-10-20 00:00:00,2008-10-21 00:00:00,77025.0,0.057438583911781874,12.0,4500.0,26.5
14,26.0,20081021 ST1,Station 1,10.0,Jinapsan Cave,2008-10-20 00:00:00,2008-10-21 00:00:00,56780.0,0.06238959361052385,41.83333333333333,4500.0,26.5
15,27.0,20081021 ST2,Station 2,10.0,Jinapsan Cave,2008-10-20 00:00:00,2008-10-21 00:00:00,52910.0,0.07308979686057249,33.5,4500.0,26.5
16,29.0,20081021 SMP,Stumpy,10.0,Jinapsan Cave,2008-10-20 00:00:00,2008-10-21 00:00:00,72040.0,0.07203247035998321,339.44289965142656,4500.0,26.5
17,30.0,20081021 TRN,Trinity,10.0,Jinapsan Cave,2008-10-20 00:00:00,2008-10-21 00:00:00,54295.0,0.034594108739371264,1.2419109250095166,4500.0,26.5
18,32.0,20081118 FTM,Flatman,11.0,Jinapsan Cave,2008-11-17 00:00:00,2008-11-18 00:00:00,75103.33333333333,0.08653521294313585,11.5,4500.0,26.5
19,33.0,20081118 ST1,Station 1,11.0,Jinapsan Cave,2008-11-17 00:00:00,2008-11-18 00:00:00,53310.0,0.06798358315488937,42.5,4500.0,26.5
20,34.0,20081118 ST2,Station 2,11.0,Jinapsan Cave,2008-11-17 00:00:00,2008-11-18 00:00:00,80250.0,0.06755970148260797,40.75,4500.0,26.5
21,36.0,20081118 SMP,Stumpy,11.0,Jinapsan Cave,2008-11-17 00:00:00,2008-11-18 00:00:00,58640.0,0.11094827586206898,865.9962721342038,4500.0,26.5
22,37.0,20081118 TRN,Trinity,11.0,Jinapsan Cave,2008-11-17 00:00:00,2008-11-18 00:00:00,53230.0,0.07008484848484849,1.3043478260869565,4500.0,26.5
23,39.0,20081216 FTM,Flatman,12.0,Jinapsan Cave,2008-12-15 00:00:00,2008-12-16 00:00:00,80320.0,0.057438583911781874,24.5,500.0,26.5
24,40.0,20081216 ST1,Station 1,12.0,Jinapsan Cave,2008-12-15 00:00:00,2008-12-16 00:00:00,47403.333333333336,0.03775071447129125,61.75,500.0,26.5
25,41.0,20081216 ST2,Station 2,12.0,Jinapsan Cave,2008-12-15 00:00:00,2008-12-16 00:00:00,79760.0,0.06755970148260797,43.0,500.0,26.5
27,44.0,20081216 TRN,Trinity,12.0,Jinapsan Cave,2008-12-15 00:00:00,2008-12-16 00:00:00,50265.0,0.034594108739371264,1.4885183160196829,500.0,26.5
28,46.0,20090113 FTM,Flatman,13.0,Jinapsan Cave,2009-01-12 00:00:00,2009-01-13 00:00:00,73255.0,0.06356293123959078,14.0,500.0,26.5
29,48.0,20090113 ST1,Station 1,13.0,Jinapsan Cave,2009-01-12 00:00:00,2009-01-13 00:00:00,34503.333333333336,0.07733281962988695,264.0,500.0,26.5
30,49.0,20090113 ST2,Station 2,13.0,Jinapsan Cave,2009-01-12 00:00:00,2009-01-13 00:00:00,79065.0,0.07063541908971079,49.0,500.0,26.5
31,51.0,20090113 SMP,Stumpy,13.0,Jinapsan Cave,2009-01-12 00:00:00,2009-01-13 00:00:00,55460.0,0.07203247035998321,553.4494805992045,500.0,26.5
32,52.0,20090113 TRN,Trinity,13.0,Jinapsan Cave,2009-01-12 00:00:00,2009-01-13 00:00:00,46185.0,0.06759873427861893,0.5941176470588235,500.0,26.5
33,54.0,20090218 FTM,Flatman,14.0,Jinapsan Cave,2009-02-17 00:00:00,2009-02-18 00:00:00,72156.66666666667,0.06629989212513487,9.5,500.0,26.5
34,56.0,20090218 ST1,Station 1,14.0,Jinapsan Cave,2009-02-17 00:00:00,2009-02-18 00:00:00,36503.333333333336,0.07733281962988695,172.5248208096594,500.0,26.5
35,57.0,20090218 ST2,Station 2,14.0,Jinapsan Cave,2009-02-17 00:00:00,2009-02-18 00:00:00,78860.0,0.06755970148260797,52.166666666666664,500.0,26.5
36,59.0,20090218 SMP,Stumpy,14.0,Jinapsan Cave,2009-02-17 00:00:00,2009-02-18 00:00:00,61850.0,0.0631537341729298,474.36795423100693,500.0,26.5
37,60.0,20090218 TRN,Trinity,14.0,Jinapsan Cave,2009-02-17 00:00:00,2009-02-18 00:00:00,41170.0,0.07342657342657344,0.7293307086614174,500.0,26.5
38,62.0,20090317 FTM,Flatman,16.0,Jinapsan Cave,2009-03-16 00:00:00,2009-03-17 00:00:00,69450.0,0.057438583911781874,19.833333333333336,500.0,26.5
39,65.0,20090317 ST2,Station 2,16.0,Jinapsan Cave,2009-03-16 00:00:00,2009-03-17 00:00:00,75960.0,0.06755970148260797,55.666666666666664,500.0,26.5
40,67.0,20090317 SMP,Stumpy,16.0,Jinapsan Cave,2009-03-16 00:00:00,2009-03-17 00:00:00,63643.333333333336,0.06308641975308643,449.21701867156446,500.0,26.5
41,68.0,20090317 TRN,Trinity,16.0,Jinapsan Cave,2009-03-16 00:00:00,2009-03-17 00:00:00,39620.0,0.06189242536392795,0.8184523809523809,500.0,26.5
42,70.0,20090414 FTM,Flatman,17.0,Jinapsan Cave,2009-04-13 00:00:00,2009-04-14 00:00:00,69275.0,0.06484977578475337,23.666666666666668,500.0,26.5
43,72.0,20090414 ST1,Station 1,17.0,Jinapsan Cave,2009-04-13 00:00:00,2009-04-14 00:00:00,45105.0,0.07733281962988695,97.0,500.0,26.5
44,73.0,20090414 ST2,Station 2,17.0,Jinapsan Cave,2009-04-13 00:00:00,2009-04-14 00:00:00,65640.0,0.06755970148260797,73.16666666666667,500.0,26.5
45,75.0,20090414 SMP,Stumpy,17.0,Jinapsan Cave,2009-04-13 00:00:00,2009-04-14 00:00:00,66866.66666666667,0.06984985500610501,496.1707497128579,500.0,26.5
46,76.0,20090414 TRN,Trinity,17.0,Jinapsan Cave,2009-04-13 00:00:00,2009-04-14 00:00:00,40675.0,0.07126643990929704,0.9045454545454545,500.0,26.5
47,79.0,20090513 AMD,Amidala,19.0,Jinapsan Cave,2009-05-12 00:00:00,2009-05-13 00:00:00,64795.0,0.07686088482639998,867.808610946348,500.0,26.5
48,80.0,20090513 FTM,Flatman,19.0,Jinapsan Cave,2009-05-12 00:00:00,2009-05-13 00:00:00,82555.33333333333,0.0024368037703513283,23.833333333333336,500.0,26.5
49,82.0,20090513 ST1,Station 1,19.0,Jinapsan Cave,2009-05-12 00:00:00,2009-05-13 00:00:00,52123.333333333336,0.07733281962988695,70.0,500.0,26.5
50,83.0,20090513 ST2,Station 2,19.0,Jinapsan Cave,2009-05-12 00:00:00,2009-05-13 00:00:00,77726.66666666667,0.06755970148260797,79.0,500.0,26.5
51,84.0,20090513 SMP,Stumpy,19.0,Jinapsan Cave,2009-05-12 00:00:00,2009-05-13 00:00:00,59200.0,0.060617637087888795,458.8059515324303,500.0,26.5
52,85.0,20090513 BRO,Stumpys Brother,19.0,Jinapsan Cave,2009-05-12 00:00:00,2009-05-13 00:00:00,76336.0,0.08470359331015069,84.66666666666667,500.0,26.5
53,86.0,20090513 TRN,Trinity,19.0,Jinapsan Cave,2009-05-12 00:00:00,2009-05-13 00:00:00,46376.333333333336,0.05655978125776784,0.9099264705882353,500.0,26.5
54,88.0,20090612 FTM,Flatman,20.0,Jinapsan Cave,2009-06-11 00:00:00,2009-06-12 00:00:00,82912.25,0.07250225502255021,24.333333333333332,500.0,26.5
55,90.0,20090612 ST1,Station 1,20.0,Jinapsan Cave,2009-06-11 00:00:00,2009-06-12 00:00:00,45633.333333333336,0.07733281962988695,115.33333333333333,500.0,26.5
56,91.0,20090612 ST2,Station 2,20.0,Jinapsan Cave,2009-06-11 00:00:00,2009-06-12 00:00:00,78873.33333333333,0.06755970148260797,81.66666666666667,500.0,26.5
57,92.0,20090612 SMP,Stumpy,20.0,Jinapsan Cave,2009-06-11 00:00:00,2009-06-12 00:00:00,72693.33333333333,0.046586927223719675,311.43360849056603,500.0,26.5
58,93.0,20090612 BRO,Stumpys Brother,20.0,Jinapsan Cave,2009-06-11 00:00:00,2009-06-12 00:00:00,81819.0,0.08080451312239391,93.0,500.0,26.5
59,94.0,20090612 TRN,Trinity,20.0,Jinapsan Cave,2009-06-11 00:00:00,2009-06-12 00:00:00,51411.5,0.07281198084628164,1.0227272727272727,500.0,26.5
60,97.0,20090715 FTM,Flatman,22.0,Jinapsan Cave,2009-07-14 00:00:00,2009-07-15 00:00:00,83713.33333333333,0.07334206505129884,27.333333333333332,4500.0,26.5
61,99.0,20090715 ST1,Station 1,22.0,Jinapsan Cave,2009-07-14 00:00:00,2009-07-15 00:00:00,41320.0,0.07733281962988695,120.83333333333334,4500.0,26.5
62,100.0,20090715 ST2,Station 2,22.0,Jinapsan Cave,2009-07-14 00:00:00,2009-07-15 00:00:00,74965.0,0.06755970148260797,79.66666666666666,4500.0,26.5
63,101.0,20090715 SMP,Stumpy,22.0,Jinapsan Cave,2009-07-14 00:00:00,2009-07-15 00:00:00,68995.0,0.050917393833624196,210.08854536281157,4500.0,26.5
64,103.0,20090715 TRN,Trinity,22.0,Jinapsan Cave,2009-07-14 00:00:00,2009-07-15 00:00:00,50200.0,0.07252253288842864,1.1469155844155843,4500.0,26.5
65,104.0,20090822 FTM,Flatman,23.0,Jinapsan Cave,2009-08-21 00:00:00,2009-08-22 00:00:00,80645.0,0.005069539966376282,9.833333333333332,4500.0,26.5
66,106.0,20090822 ST1,Station 1,23.0,Jinapsan Cave,2009-08-21 00:00:00,2009-08-22 00:00:00,67195.0,0.07733281962988695,61.666666666666664,4500.0,26.5
67,107.0,20090822 ST2,Station 2,23.0,Jinapsan Cave,2009-08-21 00:00:00,2009-08-22 00:00:00,78203.33333333333,0.06755970148260797,62.0,4500.0,26.5
69,109.0,20090822 BRO,Stumpys Brother,23.0,Jinapsan Cave,2009-08-21 00:00:00,2009-08-22 00:00:00,78910.0,0.07090626627967551,75.66666666666666,4500.0,26.5
70,110.0,20090822 TRN,Trinity,23.0,Jinapsan Cave,2009-08-21 00:00:00,2009-08-22 00:00:00,52386.666666666664,0.07203616528431592,1.3552989130434783,4500.0,26.5
71,113.0,20090922 FTM,Flatman,25.0,Jinapsan Cave,2009-09-21 00:00:00,2009-09-22 00:00:00,77300.0,0.0076323987538940785,11.0,4500.0,26.5
72,115.0,20090922 ST1,Station 1,25.0,Jinapsan Cave,2009-09-21 00:00:00,2009-09-22 00:00:00,70710.0,0.07733281962988695,32.22222222222222,4500.0,26.5
73,116.0,20090922 ST2,Station 2,25.0,Jinapsan Cave,2009-09-21 00:00:00,2009-09-22 00:00:00,77240.0,0.06755970148260797,46.44444444444445,4500.0,26.5
75,118.0,20090922 BRO,Stumpys Brother,25.0,Jinapsan Cave,2009-09-21 00:00:00,2009-09-22 00:00:00,79503.33333333333,0.07311672532260767,71.33333333333333,4500.0,26.5
76,119.0,20090922 TRN,Trinity,25.0,Jinapsan Cave,2009-09-21 00:00:00,2009-09-22 00:00:00,52733.333333333336,0.071541394335512,0.6570743405275778,4500.0,26.5
77,120.0,20091021 AMD,Amidala,26.0,Jinapsan Cave,2009-10-19 00:00:00,2009-10-21 00:00:00,73785.0,0.07686088482639998,1676.9123546999815,4500.0,26.5
78,121.0,20091021 FTM,Flatman,26.0,Jinapsan Cave,2009-10-19 00:00:00,2009-10-21 00:00:00,79495.0,0.07198335817188276,11.0,4500.0,26.5
79,123.0,20091021 ST1,Station 1,26.0,Jinapsan Cave,2009-10-19 00:00:00,2009-10-21 00:00:00,58235.0,0.07733281962988695,37.333333333333336,4500.0,26.5
80,124.0,20091021 ST2,Station 2,26.0,Jinapsan Cave,2009-10-19 00:00:00,2009-10-21 00:00:00,78023.33333333333,0.06755970148260797,50.666666666666664,4500.0,26.5
81,125.0,20091021 SMP,Stumpy,26.0,Jinapsan Cave,2009-10-19 00:00:00,2009-10-21 00:00:00,75800.0,0.030164001640016397,207.95277336172572,4500.0,26.5
82,126.0,20091021 BRO,Stumpys Brother,26.0,Jinapsan Cave,2009-10-19 00:00:00,2009-10-21 00:00:00,78040.0,0.07333691756272401,71.33333333333333,4500.0,26.5
83,127.0,20091021 TRN,Trinity,26.0,Jinapsan Cave,2009-10-19 00:00:00,2009-10-21 00:00:00,53325.0,0.01967527675276753,0.38552559163456246,4500.0,26.5
84,128.0,20091124 FTM,Flatman,28.0,Jinapsan Cave,2009-11-23 00:00:00,2009-11-24 00:00:00,80100.0,0.07282083038452467,11.333333333333334,4500.0,26.5
85,130.0,20091124 ST1,Station 1,28.0,Jinapsan Cave,2009-11-23 00:00:00,2009-11-24 00:00:00,56900.0,0.07733281962988695,37.16666666666667,4500.0,26.5
86,131.0,20091124 ST2,Station 2,28.0,Jinapsan Cave,2009-11-23 00:00:00,2009-11-24 00:00:00,78100.0,0.06755970148260797,57.333333333333336,4500.0,26.5
87,132.0,20091124 SMP,Stumpy,28.0,Jinapsan Cave,2009-11-23 00:00:00,2009-11-24 00:00:00,69300.0,0.06232049739269956,261.9200067164806,4500.0,26.5
88,134.0,20091124 TRN,Trinity,28.0,Jinapsan Cave,2009-11-23 00:00:00,2009-11-24 00:00:00,55200.0,0.07209861111111111,0.400988330554894,4500.0,26.5
89,137.0,20091222 FTM,Flatman,29.0,Jinapsan Cave,2009-12-21 00:00:00,2009-12-22 00:00:00,80100.0,0.07336631330977622,11.333333333333334,500.0,26.5
90,139.0,20091222 ST1,Station 1,29.0,Jinapsan Cave,2009-12-21 00:00:00,2009-12-22 00:00:00,54800.0,0.07733281962988695,31.666666666666664,500.0,26.5
91,140.0,20091222 ST2,Station 2,29.0,Jinapsan Cave,2009-12-21 00:00:00,2009-12-22 00:00:00,76600.0,0.06755970148260797,59.16666666666667,500.0,26.5
92,141.0,20091222 SMP,Stumpy,29.0,Jinapsan Cave,2009-12-21 00:00:00,2009-12-22 00:00:00,44872.24,0.06374258739076155,515.5500468164794,500.0,26.5
93,142.0,20091222 BRO,Stumpys Brother,29.0,Jinapsan Cave,2009-12-21 00:00:00,2009-12-22 00:00:00,82980.0,0.06604083227413496,74.5,500.0,26.5
94,143.0,20091222 TRN,Trinity,29.0,Jinapsan Cave,2009-12-21 00:00:00,2009-12-22 00:00:00,50100.0,0.07168676376950016,0.5217435139131603,500.0,26.5
95,145.0,20100126 FTM,Flatman,30.0,Jinapsan Cave,2010-01-25 00:00:00,2010-01-26 00:00:00,73200.0,0.06609584859584858,11.666666666666666,500.0,26.5
96,147.0,20100126 ST1,Station 1,30.0,Jinapsan Cave,2010-01-25 00:00:00,2010-01-26 00:00:00,55300.0,0.07733281962988695,37.0,500.0,26.5
97,148.0,20100126 ST2,Station 2,30.0,Jinapsan Cave,2010-01-25 00:00:00,2010-01-26 00:00:00,74200.0,0.06755970148260797,62.0,500.0,26.5
98,149.0,20100126 SMP,Stumpy,30.0,Jinapsan Cave,2010-01-25 00:00:00,2010-01-26 00:00:00,65300.0,0.0595373197625106,266.50038369885687,500.0,26.5
99,150.0,20100126 BRO,Stumpys Brother,30.0,Jinapsan Cave,2010-01-25 00:00:00,2010-01-26 00:00:00,77620.0,0.07544252044252045,74.83333333333333,500.0,26.5
100,151.0,20100126 TRN,Trinity,30.0,Jinapsan Cave,2010-01-25 00:00:00,2010-01-26 00:00:00,46500.0,0.07322914166866651,0.5487804878048781,500.0,26.5
101,153.0,20100302 FTM,Flatman,31.0,Jinapsan Cave,2010-03-01 00:00:00,2010-03-02 00:00:00,78100.0,0.09615910200097609,11.666666666666666,500.0,26.5
102,155.0,20100302 ST1,Station 1,31.0,Jinapsan Cave,2010-03-01 00:00:00,2010-03-02 00:00:00,48700.0,0.07733281962988695,47.33333333333333,500.0,26.5
103,156.0,20100302 ST2,Station 2,31.0,Jinapsan Cave,2010-03-01 00:00:00,2010-03-02 00:00:00,75900.0,0.06755970148260797,71.16666666666667,500.0,26.5
104,157.0,20100302 SMP,Stumpy,31.0,Jinapsan Cave,2010-03-01 00:00:00,2010-03-02 00:00:00,46450.75,0.0350135903138127,328.9738430583503,500.0,26.5
105,158.0,20100302 BRO,Stumpys Brother,31.0,Jinapsan Cave,2010-03-01 00:00:00,2010-03-02 00:00:00,78320.0,0.11520333333333335,76.33333333333334,500.0,26.5
106,159.0,20100302 TRN,Trinity,31.0,Jinapsan Cave,2010-03-01 00:00:00,2010-03-02 00:00:00,43300.0,0.07493732815785217,0.5941176470588235,500.0,26.5
107,161.0,20100406 FTM,Flatman,33.0,Jinapsan Cave,2010-04-05 00:00:00,2010-04-06 00:00:00,80600.0,0.07615648674242424,13.666666666666666,500.0,26.5
108,164.0,20100406 ST2,Station 2,33.0,Jinapsan Cave,2010-04-05 00:00:00,2010-04-06 00:00:00,77600.0,0.06755970148260797,80.16666666666666,500.0,26.5
109,165.0,20100406 SMP,Stumpy,33.0,Jinapsan Cave,2010-04-05 00:00:00,2010-04-06 00:00:00,42537.86,0.049014169690686026,265.589823839469,500.0,26.5
110,166.0,20100406 BRO,Stumpys Brother,33.0,Jinapsan Cave,2010-04-05 00:00:00,2010-04-06 00:00:00,79730.0,0.07319307556229467,78.66666666666666,500.0,26.5
111,168.0,20100504 FTM,Flatman,34.0,Jinapsan Cave,2010-05-03 00:00:00,2010-05-04 00:00:00,77400.0,0.07375527426160339,17.166666666666664,500.0,26.5
112,170.0,20100504 ST1,Station 1,34.0,Jinapsan Cave,2010-05-03 00:00:00,2010-05-04 00:00:00,36300.0,0.07733281962988695,127.0,500.0,26.5
113,171.0,20100504 ST2,Station 2,34.0,Jinapsan Cave,2010-05-03 00:00:00,2010-05-04 00:00:00,77900.0,0.06755970148260797,80.83333333333334,500.0,26.5
114,172.0,20100504 SMP,Stumpy,34.0,Jinapsan Cave,2010-05-03 00:00:00,2010-05-04 00:00:00,52736.07,0.06426920490838796,1267.021468193933,500.0,26.5
115,173.0,20100504 BRO,Stumpys Brother,34.0,Jinapsan Cave,2010-05-03 00:00:00,2010-05-04 00:00:00,77800.0,0.07495653956539565,107.66666666666666,500.0,26.5
116,174.0,20100504 TRN,Trinity,34.0,Jinapsan Cave,2010-05-03 00:00:00,2010-05-04 00:00:00,41900.0,0.07323848238482386,0.6406424156449488,500.0,26.5
117,175.0,20100608 FTM,Flatman,35.0,Jinapsan Cave,2010-06-07 00:00:00,2010-06-08 00:00:00,79400.0,0.0683487099608595,21.666666666666668,500.0,26.5
118,177.0,20100608 ST1,Station 1,35.0,Jinapsan Cave,2010-06-07 00:00:00,2010-06-08 00:00:00,42000.0,0.07733281962988695,155.83333333333334,500.0,26.5
119,178.0,20100608 ST2,Station 2,35.0,Jinapsan Cave,2010-06-07 00:00:00,2010-06-08 00:00:00,76000.0,0.06755970148260797,84.16666666666666,500.0,26.5
120,179.0,20100608 SMP,Stumpy,35.0,Jinapsan Cave,2010-06-07 00:00:00,2010-06-08 00:00:00,56288.55,0.04996690307328605,660.0315602836873,500.0,26.5
121,180.0,20100608 BRO,Stumpys Brother,35.0,Jinapsan Cave,2010-06-07 00:00:00,2010-06-08 00:00:00,78300.0,0.0621589900603479,91.0,500.0,26.5
122,181.0,20100608 TRN,Trinity,35.0,Jinapsan Cave,2010-06-07 00:00:00,2010-06-08 00:00:00,48200.0,0.07155841503267973,0.746900826446281,500.0,26.5
123,183.0,20100713 FTM,Flatman,36.0,Jinapsan Cave,2010-07-12 00:00:00,2010-07-13 00:00:00,73100.0,0.07392310462812895,23.666666666666668,4500.0,26.5
124,185.0,20100713 ST1,Station 1,36.0,Jinapsan Cave,2010-07-12 00:00:00,2010-07-13 00:00:00,39400.0,0.07733281962988695,110.33333333333333,4500.0,26.5
125,186.0,20100713 ST2,Station 2,36.0,Jinapsan Cave,2010-07-12 00:00:00,2010-07-13 00:00:00,75300.0,0.06755970148260797,83.33333333333333,4500.0,26.5
126,188.0,20100713 BRO,Stumpys Brother,36.0,Jinapsan Cave,2010-07-12 00:00:00,2010-07-13 00:00:00,76800.0,0.07452217649748515,92.0,4500.0,26.5
127,189.0,20100713 TRN,Trinity,36.0,Jinapsan Cave,2010-07-12 00:00:00,2010-07-13 00:00:00,48300.0,0.07297385620915033,0.8697478991596639,4500.0,26.5
128,191.0,20100817 FTM,Flatman,38.0,Jinapsan Cave,2010-08-16 00:00:00,2010-08-17 00:00:00,79500.0,0.06909750566893424,24.333333333333332,4500.0,26.5
129,193.0,20100817 ST1,Station 1,38.0,Jinapsan Cave,2010-08-16 00:00:00,2010-08-17 00:00:00,41900.0,0.07733281962988695,106.16666666666666,4500.0,26.5
130,194.0,20100817 ST2,Station 2,38.0,Jinapsan Cave,2010-08-16 00:00:00,2010-08-17 00:00:00,79500.0,0.06755970148260797,86.16666666666667,4500.0,26.5
131,195.0,20100817 SMP,Stumpy,38.0,Jinapsan Cave,2010-08-16 00:00:00,2010-08-17 00:00:00,64800.0,0.06051986584107328,407.3377421851592,4500.0,26.5
132,196.0,20100817 BRO,Stumpys Brother,38.0,Jinapsan Cave,2010-08-16 00:00:00,2010-08-17 00:00:00,78100.0,0.07791727851199218,88.16666666666666,4500.0,26.5
133,197.0,20100817 TRN,Trinity,38.0,Jinapsan Cave,2010-08-16 00:00:00,2010-08-17 00:00:00,48600.0,0.10892335466929262,0.8955445544554456,4500.0,26.5
134,199.0,20100928 FTM,Flatman,39.0,Jinapsan Cave,2010-09-27 00:00:00,2010-09-28 00:00:00,84435.0,0.046160382644892736,26.666666666666664,4500.0,26.5
135,201.0,20100928 ST1,Station 1,39.0,Jinapsan Cave,2010-09-27 00:00:00,2010-09-28 00:00:00,34500.0,0.037468029046976416,156.16666666666666,4500.0,26.5
137,203.0,20100928 SMP,Stumpy,39.0,Jinapsan Cave,2010-09-27 00:00:00,2010-09-28 00:00:00,41067.53,0.0659305456561337,2326.406396723581,4500.0,26.5
138,204.0,20100928 BRO,Stumpys Brother,39.0,Jinapsan Cave,2010-09-27 00:00:00,2010-09-28 00:00:00,77000.0,0.08448429778415431,99.33333333333334,4500.0,26.5
139,205.0,20100928 TRN,Trinity,39.0,Jinapsan Cave,2010-09-27 00:00:00,2010-09-28 00:00:00,49700.0,0.07149637074260189,1.0797413793103448,4500.0,26.5
140,207.0,20101026 FTM,Flatman,41.0,Jinapsan Cave,2010-10-25 00:00:00,2010-10-26 00:00:00,80200.0,0.07572266218702504,28.5,4500.0,26.5
141,209.0,20101026 ST1,Station 1,41.0,Jinapsan Cave,2010-10-25 00:00:00,2010-10-26 00:00:00,60200.0,0.037108479755538576,46.83333333333333,4500.0,26.5
142,210.0,20101026 ST2,Station 2,41.0,Jinapsan Cave,2010-10-25 00:00:00,2010-10-26 00:00:00,78300.0,0.06755970148260797,89.83333333333334,4500.0,26.5
143,210.0,20101026 ST2,Station 2,41.0,Jinapsan Cave,2010-10-25 00:00:00,2010-10-26 00:00:00,78300.0,0.06755970148260797,89.83333333333334,4500.0,26.5
144,210.0,20101026 ST2,Station 2,41.0,Jinapsan Cave,2010-10-25 00:00:00,2010-10-26 00:00:00,78300.0,0.06755970148260797,89.83333333333334,4500.0,26.5
145,210.0,20101026 ST2,Station 2,41.0,Jinapsan Cave,2010-10-25 00:00:00,2010-10-26 00:00:00,78300.0,0.06755970148260797,89.83333333333334,4500.0,26.5
146,212.0,20101026 BRO,Stumpys Brother,41.0,Jinapsan Cave,2010-10-25 00:00:00,2010-10-26 00:00:00,77500.0,0.06815195417789757,86.66666666666666,4500.0,26.5
147,213.0,20101026 TRN,Trinity,41.0,Jinapsan Cave,2010-10-25 00:00:00,2010-10-26 00:00:00,50600.0,0.06799109156517817,1.2428571428571429,4500.0,26.5
148,215.0,20101123 FTM,Flatman,42.0,Jinapsan Cave,2010-11-22 00:00:00,2010-11-23 00:00:00,79160.0,0.06655746746084272,11.0,4500.0,26.5
149,217.0,20101123 ST1,Station 1,42.0,Jinapsan Cave,2010-11-22 00:00:00,2010-11-23 00:00:00,62220.0,0.07733281962988695,39.5,4500.0,26.5
150,218.0,20101123 ST2,Station 2,42.0,Jinapsan Cave,2010-11-22 00:00:00,2010-11-23 00:00:00,78560.0,0.06755970148260797,88.66666666666666,4500.0,26.5
151,219.0,20101123 BRO,Stumpys Brother,42.0,Jinapsan Cave,2010-11-22 00:00:00,2010-11-23 00:00:00,77900.0,0.07233100233100234,78.16666666666666,4500.0,26.5
152,220.0,20101123 TRN,Trinity,42.0,Jinapsan Cave,2010-11-22 00:00:00,2010-11-23 00:00:00,49780.0,0.07017261488220201,1.4065934065934065,4500.0,26.5
153,223.0,20101221 FTM,Flatman,44.0,Jinapsan Cave,2010-12-20 00:00:00,2010-12-21 00:00:00,77520.0,0.07031570881226054,13.666666666666668,500.0,26.5
154,225.0,20101221 ST1,Station 1,44.0,Jinapsan Cave,2010-12-20 00:00:00,2010-12-21 00:00:00,52490.0,0.039509323082361256,44.666666666666664,500.0,26.5
155,226.0,20101221 ST2,Station 2,44.0,Jinapsan Cave,2010-12-20 00:00:00,2010-12-21 00:00:00,78200.0,0.06755970148260797,65.66666666666666,500.0,26.5
156,227.0,20101221 SMP,Stumpy,44.0,Jinapsan Cave,2010-12-20 00:00:00,2010-12-21 00:00:00,65780.0,0.06938789886528063,567.2947096013783,500.0,26.5
157,228.0,20101221 BRO,Stumpys Brother,44.0,Jinapsan Cave,2010-12-20 00:00:00,2010-12-21 00:00:00,79220.0,0.08509810554803789,77.83333333333333,500.0,26.5
158,229.0,20101221 TRN,Trinity,44.0,Jinapsan Cave,2010-12-20 00:00:00,2010-12-21 00:00:00,47920.0,0.06698573573573573,1.3435828877005347,500.0,26.5
159,231.0,20110125 FTM,Flatman,45.0,Jinapsan Cave,2011-01-24 00:00:00,2011-01-25 00:00:00,75900.0,0.06591211717709722,17.166666666666664,500.0,26.5
160,233.0,20110125 ST1,Station 1,45.0,Jinapsan Cave,2011-01-24 00:00:00,2011-01-25 00:00:00,32590.0,0.042865890998162896,130.5,500.0,26.5
161,234.0,20110125 ST2,Station 2,45.0,Jinapsan Cave,2011-01-24 00:00:00,2011-01-25 00:00:00,77410.0,0.06755970148260797,80.5,500.0,26.5
162,235.0,20110125 BRO,Stumpys Brother,45.0,Jinapsan Cave,2011-01-24 00:00:00,2011-01-25 00:00:00,80540.0,0.21368762952335404,83.0,500.0,26.5
163,237.0,20110125 TRN,Trinity,45.0,Jinapsan Cave,2011-01-24 00:00:00,2011-01-25 00:00:00,43490.0,0.0550954291271578,1.3339920948616601,500.0,26.5
164,239.0,20110222 FTM,Flatman,46.0,Jinapsan Cave,2011-02-21 00:00:00,2011-02-22 00:00:00,74670.0,0.0695436507936508,15.0,500.0,26.5
165,241.0,20110222 ST1,Station 1,46.0,Jinapsan Cave,2011-02-21 00:00:00,2011-02-22 00:00:00,57130.0,0.03879166666666668,38.66666666666667,500.0,26.5
166,242.0,20110222 ST2,Station 2,46.0,Jinapsan Cave,2011-02-21 00:00:00,2011-02-22 00:00:00,82560.0,0.06755970148260797,74.83333333333333,500.0,26.5
167,243.0,20110222 SMP,Stumpy,46.0,Jinapsan Cave,2011-02-21 00:00:00,2011-02-22 00:00:00,63200.0,0.05703438612436567,300.7267632012008,500.0,26.5
168,244.0,20110222 BRO,Stumpys Brother,46.0,Jinapsan Cave,2011-02-21 00:00:00,2011-02-22 00:00:00,69270.0,0.08177114658030689,78.83333333333333,500.0,26.5
169,245.0,20110222 TRN,Trinity,46.0,Jinapsan Cave,2011-02-21 00:00:00,2011-02-22 00:00:00,39200.0,0.0702440668824164,1.2771739130434783,500.0,26.5
170,249.0,20110329 ST1,Station 1,47.0,Jinapsan Cave,2011-03-28 00:00:00,2011-03-29 00:00:00,51320.0,0.0411900871459695,65.0,500.0,26.5
171,250.0,20110329 ST2,Station 2,47.0,Jinapsan Cave,2011-03-28 00:00:00,2011-03-29 00:00:00,77020.0,0.06755970148260797,71.66666666666666,500.0,26.5
172,252.0,20110329 BRO,Stumpys Brother,47.0,Jinapsan Cave,2011-03-28 00:00:00,2011-03-29 00:00:00,78540.0,0.09058728949818061,82.5,500.0,26.5
173,253.0,20110329 TRN,Trinity,47.0,Jinapsan Cave,2011-03-28 00:00:00,2011-03-29 00:00:00,39910.0,0.0751458650431253,1.2859767299448868,500.0,26.5
174,255.0,20110426 FTM,Flatman,49.0,Jinapsan Cave,2011-04-25 00:00:00,2011-04-26 00:00:00,78120.0,0.026354245401864446,13.0,500.0,26.5
175,257.0,20110426 ST1,Station 1,49.0,Jinapsan Cave,2011-04-25 00:00:00,2011-04-26 00:00:00,77640.0,0.04001231527093598,244.83333333333331,500.0,26.5
176,258.0,20110426 ST2,Station 2,49.0,Jinapsan Cave,2011-04-25 00:00:00,2011-04-26 00:00:00,46060.0,0.06755970148260797,80.5,500.0,26.5
177,259.0,20110426 BRO,Stumpys Brother,49.0,Jinapsan Cave,2011-04-25 00:00:00,2011-04-26 00:00:00,79930.0,0.08608337535720291,84.16666666666666,500.0,26.5
178,260.0,20110426 TRN,Trinity,49.0,Jinapsan Cave,2011-04-25 00:00:00,2011-04-26 00:00:00,43310.0,0.07338762626262628,1.225,500.0,26.5
179,284.0,20110524 FTM,Flatman,52.0,Jinapsan Cave,2011-05-23 00:00:00,2011-05-24 00:00:00,74340.0,0.07396711245689293,11.666666666666666,500.0,26.5
180,286.0,20110524 ST1,Station 1,52.0,Jinapsan Cave,2011-05-23 00:00:00,2011-05-24 00:00:00,52380.0,0.028225840336134463,57.66666666666667,500.0,26.5
181,287.0,20110524 ST2,Station 2,52.0,Jinapsan Cave,2011-05-23 00:00:00,2011-05-24 00:00:00,79720.0,0.06755970148260797,76.83333333333334,500.0,26.5
182,288.0,20110524 BRO,Stumpys Brother,52.0,Jinapsan Cave,2011-05-23 00:00:00,2011-05-24 00:00:00,78230.0,0.07451186830015315,82.66666666666666,500.0,26.5
183,289.0,20110524 TRN,Trinity,52.0,Jinapsan Cave,2011-05-23 00:00:00,2011-05-24 00:00:00,45630.0,0.07410923940786117,1.0912698412698414,500.0,26.5
184,291.0,20110621 AMD,Amidala,53.0,Jinapsan Cave,2011-06-20 00:00:00,2011-06-21 00:00:00,70150.0,0.07686088482639998,309.4723545395962,500.0,26.5
185,292.0,20110621 FTM,Flatman,53.0,Jinapsan Cave,2011-06-20 00:00:00,2011-06-21 00:00:00,70370.0,0.07381293736132447,14.333333333333334,500.0,26.5
186,294.0,20110621 ST1,Station 1,53.0,Jinapsan Cave,2011-06-20 00:00:00,2011-06-21 00:00:00,46230.0,0.03144527199834106,111.33333333333334,500.0,26.5
187,295.0,20110621 ST2,Station 2,53.0,Jinapsan Cave,2011-06-20 00:00:00,2011-06-21 00:00:00,79830.0,0.06755970148260797,85.0,500.0,26.5
188,296.0,20110621 BRO,Stumpys Brother,53.0,Jinapsan Cave,2011-06-20 00:00:00,2011-06-21 00:00:00,78900.0,0.06604083227413496,87.16666666666666,500.0,26.5
189,297.0,20110621 TRN,Trinity,53.0,Jinapsan Cave,2011-06-20 00:00:00,2011-06-21 00:00:00,50250.0,0.07502265861027191,1.0529556650246306,500.0,26.5
190,301.0,20110719 FTM,Flatman,54.0,Jinapsan Cave,2011-07-18 00:00:00,2011-07-19 00:00:00,76920.0,0.03565664160401003,18.0,4500.0,26.5
191,303.0,20110719 ST1,Station 1,54.0,Jinapsan Cave,2011-07-18 00:00:00,2011-07-19 00:00:00,49470.0,0.019666666666666662,102.83333333333334,4500.0,26.5
192,304.0,20110719 ST2,Station 2,54.0,Jinapsan Cave,2011-07-18 00:00:00,2011-07-19 00:00:00,81390.0,0.06133610245759779,87.66666666666667,4500.0,26.5
193,305.0,20110719 BRO,Stumpys Brother,54.0,Jinapsan Cave,2011-07-18 00:00:00,2011-07-19 00:00:00,79910.0,0.0013188518231186967,90.33333333333334,4500.0,26.5
194,306.0,20110719 TRN,Trinity,54.0,Jinapsan Cave,2011-07-18 00:00:00,2011-07-19 00:00:00,54490.0,0.034594108739371264,1.065126050420168,4500.0,26.5
195,307.0,20110830 AMD,Amidala,56.0,Jinapsan Cave,2011-08-29 00:00:00,2011-08-30 00:00:00,69980.0,0.06611842105263158,457.09478341872335,4500.0,26.5
196,308.0,20110830 FTM,Flatman,56.0,Jinapsan Cave,2011-08-29 00:00:00,2011-08-30 00:00:00,61065.0,0.03886926132002155,11.0,4500.0,26.5
197,310.0,20110830 ST1,Station 1,56.0,Jinapsan Cave,2011-08-29 00:00:00,2011-08-30 00:00:00,74980.0,0.08616679821099726,28.833333333333336,4500.0,26.5
198,311.0,20110830 ST2,Station 2,56.0,Jinapsan Cave,2011-08-29 00:00:00,2011-08-30 00:00:00,64900.0,0.06106276371308016,68.0,4500.0,26.5
199,313.0,20110830 BRO,Stumpys Brother,56.0,Jinapsan Cave,2011-08-29 00:00:00,2011-08-30 00:00:00,77870.0,0.06604083227413496,78.66666666666667,4500.0,26.5
200,314.0,20110830 TRN,Trinity,56.0,Jinapsan Cave,2011-08-29 00:00:00,2011-08-30 00:00:00,51140.0,0.034594108739371264,1.2602820211515864,4500.0,26.5
201,316.0,20110927 FTM,Flatman,57.0,Jinapsan Cave,2011-09-26 00:00:00,2011-09-27 00:00:00,86700.0,0.04537444739168877,11.0,4500.0,26.5
202,318.0,20110927 ST1,Station 1,57.0,Jinapsan Cave,2011-09-26 00:00:00,2011-09-27 00:00:00,73030.0,0.07733281962988695,19.5,4500.0,26.5
203,319.0,20110927 ST2,Station 2,57.0,Jinapsan Cave,2011-09-26 00:00:00,2011-09-27 00:00:00,80450.0,0.06210093896713616,66.0,4500.0,26.5
204,320.0,20110927 SMP,Stumpy,57.0,Jinapsan Cave,2011-09-26 00:00:00,2011-09-27 00:00:00,75180.0,0.08228070175438598,581.0619469026552,4500.0,26.5
205,321.0,20110927 BRO,Stumpys Brother,57.0,Jinapsan Cave,2011-09-26 00:00:00,2011-09-27 00:00:00,79040.0,0.07550581395348838,82.0,4500.0,26.5
206,322.0,20110927 TRN,Trinity,57.0,Jinapsan Cave,2011-09-26 00:00:00,2011-09-27 00:00:00,58830.0,0.034594108739371264,0.35119047619047616,4500.0,26.5
207,323.0,20111025 FTM,Flatman,59.0,Jinapsan Cave,2011-10-24 00:00:00,2011-10-25 00:00:00,84410.0,0.07569390902081727,10.666666666666666,4500.0,26.5
208,325.0,20111025 ST1,Station 1,59.0,Jinapsan Cave,2011-10-24 00:00:00,2011-10-25 00:00:00,55110.0,0.03990261894021811,44.166666666666664,4500.0,26.5
209,327.0,20111025 BRO,Stumpys Brother,59.0,Jinapsan Cave,2011-10-24 00:00:00,2011-10-25 00:00:00,79260.0,0.08066513950800727,85.0,4500.0,26.5
210,328.0,20111025 TRN,Trinity,59.0,Jinapsan Cave,2011-10-24 00:00:00,2011-10-25 00:00:00,60390.0,0.07430072374372892,0.3930599459328022,4500.0,26.5
211,331.0,20111122 FTM,Flatman,60.0,Jinapsan Cave,2011-11-21 00:00:00,2011-11-22 00:00:00,86210.0,0.07519372693726939,10.0,4500.0,26.5
212,333.0,20111122 ST1,Station 1,60.0,Jinapsan Cave,2011-11-21 00:00:00,2011-11-22 00:00:00,46300.0,0.047097902097902086,76.66666666666666,4500.0,26.5
213,336.0,20111122 BRO,Stumpys Brother,60.0,Jinapsan Cave,2011-11-21 00:00:00,2011-11-22 00:00:00,81390.0,0.09646627565982406,78.16666666666666,4500.0,26.5
214,337.0,20111122 TRN,Trinity,60.0,Jinapsan Cave,2011-11-21 00:00:00,2011-11-22 00:00:00,60050.0,0.07542367715191416,0.34549071618037136,4500.0,26.5
216,339.0,20111220 FTM,Flatman,61.0,Jinapsan Cave,2011-12-19 00:00:00,2011-12-20 00:00:00,81990.0,0.07549052191038896,11.0,500.0,26.5
217,341.0,20111220 ST1,Station 1,61.0,Jinapsan Cave,2011-12-19 00:00:00,2011-12-20 00:00:00,50440.0,0.039775838850858496,44.66666666666667,500.0,26.5
218,342.0,20111220 ST2,Station 2,61.0,Jinapsan Cave,2011-12-19 00:00:00,2011-12-20 00:00:00,77250.0,0.06755970148260797,80.16666666666667,500.0,26.5
219,344.0,20111220 BRO,Stumpys Brother,61.0,Jinapsan Cave,2011-12-19 00:00:00,2011-12-20 00:00:00,79090.0,0.1577707275803723,82.5,500.0,26.5
220,345.0,20111220 TRN,Trinity,61.0,Jinapsan Cave,2011-12-19 00:00:00,2011-12-20 00:00:00,53280.0,0.07356709278018973,0.46806591132220665,500.0,26.5
221,348.0,20120124 FTM,Flatman,63.0,Jinapsan Cave,2012-01-23 00:00:00,2012-01-24 00:00:00,81270.0,0.0022140578719526058,11.833333333333332,500.0,26.5
222,350.0,20120124 ST1,Station 1,63.0,Jinapsan Cave,2012-01-23 00:00:00,2012-01-24 00:00:00,52070.0,0.0,46.83333333333333,500.0,26.5
223,351.0,20120124 ST2,Station 2,63.0,Jinapsan Cave,2012-01-23 00:00:00,2012-01-24 00:00:00,85240.0,0.06755970148260797,82.16666666666666,500.0,26.5
224,352.0,20120124 BRO,Stumpys Brother,63.0,Jinapsan Cave,2012-01-23 00:00:00,2012-01-24 00:00:00,73070.0,0.06604083227413496,85.5,500.0,26.5
225,353.0,20120124 TRN,Trinity,63.0,Jinapsan Cave,2012-01-23 00:00:00,2012-01-24 00:00:00,49840.0,0.0753536292989418,0.6293706293706294,500.0,26.5
226,355.0,20120228 FTM,Flatman,64.0,Jinapsan Cave,2012-02-27 00:00:00,2012-02-28 00:00:00,76112.31,0.07343555223136376,13.0,500.0,26.5
227,357.0,20120228 ST1,Station 1,64.0,Jinapsan Cave,2012-02-27 00:00:00,2012-02-28 00:00:00,42179.35,0.051845251151568336,76.5,500.0,26.5
228,361.0,20120228 TRN,Trinity,64.0,Jinapsan Cave,2012-02-27 00:00:00,2012-02-28 00:00:00,43285.61,0.07482909213067943,0.6741667601840422,500.0,26.5
229,363.0,20120327 FTM,Flatman,65.0,Jinapsan Cave,2012-03-26 00:00:00,2012-03-27 00:00:00,72580.04,0.07495853129949155,16.0,500.0,26.5
230,365.0,20120327 ST1,Station 1,65.0,Jinapsan Cave,2012-03-26 00:00:00,2012-03-27 00:00:00,28486.27,-0.020975917148415027,981.5,500.0,26.5
231,368.0,20120327 TRN,Trinity,65.0,Jinapsan Cave,2012-03-26 00:00:00,2012-03-27 00:00:00,40869.38,0.08955159907682161,0.6924715909090908,500.0,26.5
232,371.0,20120423 FTM,Flatman,66.0,Jinapsan Cave,2012-04-23 00:00:00,2012-04-24 00:00:00,70794.78,-0.011298798798798792,18.5,582.6086956521739,26.5
233,375.0,20120423 SMP,Stumpy,66.0,Jinapsan Cave,2012-04-23 00:00:00,2012-04-24 00:00:00,60222.38,0.06196636284722223,516.6037828947369,582.6086956521739,26.5
235,379.0,20120522 FTM,Flatman,68.0,Jinapsan Cave,2012-05-21 00:00:00,2012-05-22 00:00:00,72484.79,0.07055979643765904,20.166666666666664,500.0,26.5
237,383.0,20120522 SMP,Stumpy,68.0,Jinapsan Cave,2012-05-21 00:00:00,2012-05-22 00:00:00,51193.7,0.06416109460128777,1090.1925563529442,500.0,26.5
238,385.0,20120522 TRN,Trinity,68.0,Jinapsan Cave,2012-05-21 00:00:00,2012-05-22 00:00:00,43682.29,0.07413672273190623,0.7763813489997768,500.0,26.5
239,390.0,20120629 FTM,Flatman,69.0,Jinapsan Cave,2012-06-28 00:00:00,2012-06-29 00:00:00,79394.74,0.07671375464684017,23.666666666666668,417.3333333333333,26.5
240,393.0,20120629 TRN,Trinity,69.0,Jinapsan Cave,2012-06-28 00:00:00,2012-06-29 00:00:00,49801.3,0.07526322647902008,0.9047282279248333,417.3333333333333,26.5
241,395.0,20120731 FTM,Flatman,70.0,Jinapsan Cave,2012-08-02 00:00:00,2012-08-03 00:00:00,83452.0,0.07912457912457913,25.166666666666664,4500.0,26.5
242,397.0,20120731 ST1,Station 1,70.0,Jinapsan Cave,2012-08-02 00:00:00,2012-08-03 00:00:00,36512.82,0.03994444444444445,326.24013605442167,4500.0,26.5
243,401.0,20120731 TRN,Trinity,70.0,Jinapsan Cave,2012-08-02 00:00:00,2012-08-03 00:00:00,49162.78,0.07492855287087555,1.0113636363636362,4500.0,26.5
244,403.0,20120828 FTM,Flatman,72.0,Jinapsan Cave,2012-08-27 00:00:00,2012-08-28 00:00:00,76729.04,0.07771787783043708,15.5,655.6521739130435,26.5
245,405.0,20120828 ST1,Station 1,72.0,Jinapsan Cave,2012-08-27 00:00:00,2012-08-28 00:00:00,58658.22,0.04394282945736435,47.16666666666667,655.6521739130435,26.5
246,406.0,20120828 ST2,Station 2,72.0,Jinapsan Cave,2012-08-27 00:00:00,2012-08-28 00:00:00,72495.02,0.06755970148260797,92.5,655.6521739130435,26.5
247,407.0,20120828 SMP,Stumpy,72.0,Jinapsan Cave,2012-08-27 00:00:00,2012-08-28 00:00:00,58905.65,0.03828714107365793,182.8267624049819,655.6521739130435,26.5
248,409.0,20120828 TRN,Trinity,72.0,Jinapsan Cave,2012-08-27 00:00:00,2012-08-28 00:00:00,48441.91,0.0731383370125092,1.2414383561643836,655.6521739130435,26.5
249,411.0,20120925 FTM,Flatman,73.0,Jinapsan Cave,2012-09-24 00:00:00,2012-09-25 00:00:00,75854.37,0.07440607396522164,12.0,1696.5217391304348,26.5
250,413.0,20120925 ST1,Station 1,73.0,Jinapsan Cave,2012-09-24 00:00:00,2012-09-25 00:00:00,63016.36,0.0005925329491998226,50.166666666666664,1696.5217391304348,26.5
251,414.0,20120925 ST2,Station 2,73.0,Jinapsan Cave,2012-09-24 00:00:00,2012-09-25 00:00:00,75905.73,0.06755970148260797,86.33333333333333,1696.5217391304348,26.5
252,415.0,20120925 SMP,Stumpy,73.0,Jinapsan Cave,2012-09-24 00:00:00,2012-09-25 00:00:00,71726.5,0.06027628549501151,360.81664852130126,1696.5217391304348,26.5
253,417.0,20120925 TRN,Trinity,73.0,Jinapsan Cave,2012-09-24 00:00:00,2012-09-25 00:00:00,50597.45,0.07260892842434725,0.6666666666666666,1696.5217391304348,26.5
254,419.0,20121023 FTM,Flatman,74.0,Jinapsan Cave,2012-10-22 00:00:00,2012-10-23 00:00:00,73910.12,0.0749681000911426,11.0,1015.7894736842105,26.5
255,421.0,20121023 ST1,Station 1,74.0,Jinapsan Cave,2012-10-22 00:00:00,2012-10-23 00:00:00,55049.07,0.0005812200752778001,52.83333333333333,1015.7894736842105,26.5
256,422.0,20121023 ST2,Station 2,74.0,Jinapsan Cave,2012-10-22 00:00:00,2012-10-23 00:00:00,75240.36,0.06357451129728359,80.0,1015.7894736842105,26.5
257,423.0,20121023 SMP,Stumpy,74.0,Jinapsan Cave,2012-10-22 00:00:00,2012-10-23 00:00:00,67472.78,0.06356011284722221,345.1314127604166,1015.7894736842105,26.5
258,425.0,20121023 TRN,Trinity,74.0,Jinapsan Cave,2012-10-22 00:00:00,2012-10-23 00:00:00,53690.11,0.09522146002710026,0.4016100178890877,1015.7894736842105,26.5
259,427.0,20121120 FTM,Flatman,76.0,Jinapsan Cave,2012-11-19 00:00:00,2012-11-20 00:00:00,74010.47,0.0715912940379404,11.0,4500.0,26.5
260,429.0,20121120 ST1,Station 1,76.0,Jinapsan Cave,2012-11-19 00:00:00,2012-11-20 00:00:00,46297.29,0.03866730584851391,84.16666666666666,4500.0,26.5
261,430.0,20121120 ST2,Station 2,76.0,Jinapsan Cave,2012-11-19 00:00:00,2012-11-20 00:00:00,75447.43,0.07356147448864912,96.5,4500.0,26.5
262,431.0,20121120 SMP,Stumpy,76.0,Jinapsan Cave,2012-11-19 00:00:00,2012-11-20 00:00:00,56854.33,0.0612945667482025,340.7477547389869,4500.0,26.5
263,433.0,20121120 TRN,Trinity,76.0,Jinapsan Cave,2012-11-19 00:00:00,2012-11-20 00:00:00,52463.25,0.07216283524904216,0.4800034133576061,4500.0,26.5
264,435.0,20121222 FTM,Flatman,77.0,Jinapsan Cave,2012-12-21 00:00:00,2012-12-22 00:00:00,74098.8,0.05706590268506156,12.0,500.0,26.5
265,437.0,20121222 ST1,Station 1,77.0,Jinapsan Cave,2012-12-21 00:00:00,2012-12-22 00:00:00,37261.45,0.039677419354838706,128.66666666666666,500.0,26.5
266,438.0,20121222 ST2,Station 2,77.0,Jinapsan Cave,2012-12-21 00:00:00,2012-12-22 00:00:00,72825.25,0.08235555555555553,103.83333333333334,500.0,26.5
267,439.0,20121222 SMP,Stumpy,77.0,Jinapsan Cave,2012-12-21 00:00:00,2012-12-22 00:00:00,60424.61,0.05345936029353115,307.238580658394,500.0,26.5
268,441.0,20121222 TRN,Trinity,77.0,Jinapsan Cave,2012-12-21 00:00:00,2012-12-22 00:00:00,46658.78,0.07266937669376693,0.5203007518796992,500.0,26.5
269,443.0,20130116 FTM,Flatman,78.0,Jinapsan Cave,2013-01-15 00:00:00,2013-01-16 00:00:00,76045.03,0.07556705774097076,15.833333333333332,478.3333333333333,26.5
270,446.0,20130116 ST2,Station 2,78.0,Jinapsan Cave,2013-01-15 00:00:00,2013-01-16 00:00:00,69772.92,0.07864608457951437,145.83333333333331,478.3333333333333,26.5
271,449.0,20130116 TRN,Trinity,78.0,Jinapsan Cave,2013-01-15 00:00:00,2013-01-16 00:00:00,44442.68,0.07269485903814263,0.6081358717983838,478.3333333333333,26.5
273,459.0,20130319 FTM,Flatman,81.0,Jinapsan Cave,2013-03-18 00:00:00,2013-03-19 00:00:00,72803.29,0.07442101740294511,20.666666666666668,499.1304347826087,26.5
274,461.0,20130319 ST1,Station 1,81.0,Jinapsan Cave,2013-03-18 00:00:00,2013-03-19 00:00:00,27472.94,0.038230226641998155,219.99757694895305,499.1304347826087,26.5
275,462.0,20130319 ST2,Station 2,81.0,Jinapsan Cave,2013-03-18 00:00:00,2013-03-19 00:00:00,49270.52,0.06755970148260797,124.0,499.1304347826087,26.5
276,463.0,20130319 SMP,Stumpy,81.0,Jinapsan Cave,2013-03-18 00:00:00,2013-03-19 00:00:00,68913.59666666666,0.06691297208538587,349.72105169446263,499.1304347826087,26.5
277,465.0,20130319 TRN,Trinity,81.0,Jinapsan Cave,2013-03-18 00:00:00,2013-03-19 00:00:00,38801.15,0.07192695557372579,0.8614215057702876,499.1304347826087,26.5
278,467.0,20130423 FTM,Flatman,82.0,Jinapsan Cave,2013-04-22 00:00:00,2013-04-23 00:00:00,77412.69,0.07168315471283321,24.0,592.3913043478261,26.5
279,470.0,20130423 ST2,Station 2,82.0,Jinapsan Cave,2013-04-22 00:00:00,2013-04-23 00:00:00,73634.54,0.06755970148260797,132.83333333333334,592.3913043478261,26.5
280,471.0,20130423 SMP,Stumpy,82.0,Jinapsan Cave,2013-04-22 00:00:00,2013-04-23 00:00:00,71361.36,0.05614569005043557,302.9665470956838,592.3913043478261,26.5
281,473.0,20130423 TRN,Trinity,82.0,Jinapsan Cave,2013-04-22 00:00:00,2013-04-23 00:00:00,40185.9,0.07307993665082937,0.942640930028515,592.3913043478261,26.5
282,473.0,20130423 TRN,Trinity,82.0,Jinapsan Cave,2013-04-22 00:00:00,2013-04-23 00:00:00,40185.9,0.07307993665082937,0.942640930028515,592.3913043478261,26.5
283,473.0,20130423 TRN,Trinity,82.0,Jinapsan Cave,2013-04-22 00:00:00,2013-04-23 00:00:00,40185.9,0.07234680949090071,0.942640930028515,592.3913043478261,26.5
284,473.0,20130423 TRN,Trinity,82.0,Jinapsan Cave,2013-04-22 00:00:00,2013-04-23 00:00:00,40185.9,0.07234680949090071,0.942640930028515,592.3913043478261,26.5
285,475.0,20130521 FTM,Flatman,84.0,Jinapsan Cave,2013-05-20 00:00:00,2013-05-21 00:00:00,75943.14,0.07318050749711646,25.666666666666668,788.4782608695652,26.5
286,477.0,20130521 ST1,Station 1,84.0,Jinapsan Cave,2013-05-20 00:00:00,2013-05-21 00:00:00,29077.65,0.03911325724319579,313.1233538191395,788.4782608695652,26.5
287,478.0,20130521 ST2,Station 2,84.0,Jinapsan Cave,2013-05-20 00:00:00,2013-05-21 00:00:00,75165.59,0.06755970148260797,134.33333333333331,788.4782608695652,26.5
288,479.0,20130521 SMP,Stumpy,84.0,Jinapsan Cave,2013-05-20 00:00:00,2013-05-21 00:00:00,73394.83,0.05583838383838385,293.61972520233405,788.4782608695652,26.5
289,481.0,20130521 TRN,Trinity,84.0,Jinapsan Cave,2013-05-20 00:00:00,2013-05-21 00:00:00,46122.3,0.07108724108724111,0.9678538390379279,788.4782608695652,26.5
290,483.0,20130626 FTM,Flatman,85.0,Jinapsan Cave,2013-06-25 00:00:00,2013-06-26 00:00:00,76018.55,0.07214099834397919,27.166666666666664,793.75,26.5
291,485.0,20130626 ST1,Station 1,85.0,Jinapsan Cave,2013-06-25 00:00:00,2013-06-26 00:00:00,30681.05,0.03738180196253346,146.92847295434274,793.75,26.5
292,486.0,20130626 ST2,Station 2,85.0,Jinapsan Cave,2013-06-25 00:00:00,2013-06-26 00:00:00,74917.24,0.06755970148260797,135.33333333333331,793.75,26.5
293,487.0,20130626 SMP,Stumpy,85.0,Jinapsan Cave,2013-06-25 00:00:00,2013-06-26 00:00:00,75808.98,0.06178621659634318,307.4922258828968,793.75,26.5
294,489.0,20130626 TRN,Trinity,85.0,Jinapsan Cave,2013-06-25 00:00:00,2013-06-26 00:00:00,46519.13,0.07077569983533286,1.0909491625036734,793.75,26.5
295,491.0,20130730 FTM,Flatman,87.0,Jinapsan Cave,2013-07-29 00:00:00,2013-07-30 00:00:00,80713.72,0.07045844145631833,27.166666666666664,3054.705882352941,26.5
296,493.0,20130730 ST1,Station 1,87.0,Jinapsan Cave,2013-07-29 00:00:00,2013-07-30 00:00:00,52305.88,0.038095238095238106,187.92207792207796,3054.705882352941,26.5
297,494.0,20130730 ST2,Station 2,87.0,Jinapsan Cave,2013-07-29 00:00:00,2013-07-30 00:00:00,73980.34,0.06755970148260797,134.5,3054.705882352941,26.5
298,495.0,20130730 SMP,Stumpy,87.0,Jinapsan Cave,2013-07-29 00:00:00,2013-07-30 00:00:00,76431.83,0.05255866355866355,274.1282584884993,3054.705882352941,26.5
299,497.0,20130730 TRN,Trinity,87.0,Jinapsan Cave,2013-07-29 00:00:00,2013-07-30 00:00:00,48909.97,0.07303465814998819,1.333406496927129,3054.705882352941,26.5
300,499.0,20130827 FTM,Flatman,88.0,Jinapsan Cave,2013-08-26 00:00:00,2013-08-27 00:00:00,79724.04,0.07311890838206628,34.66666666666667,2804.927536231884,26.5
301,502.0,20130827 ST2,Station 2,88.0,Jinapsan Cave,2013-08-26 00:00:00,2013-08-27 00:00:00,74425.48,0.06755970148260797,136.16666666666669,2804.927536231884,26.5
302,503.0,20130827 SMP,Stumpy,88.0,Jinapsan Cave,2013-08-26 00:00:00,2013-08-27 00:00:00,75912.99,0.06751807790996034,364.3395898427923,2804.927536231884,26.5
303,505.0,20130827 TRN,Trinity,88.0,Jinapsan Cave,2013-08-26 00:00:00,2013-08-27 00:00:00,48019.99,0.07185600748013089,1.552185548617306,2804.927536231884,26.5
304,507.0,20130924 FTM,Flatman,89.0,Jinapsan Cave,2013-09-23 00:00:00,2013-09-24 00:00:00,79079.97,0.07030753968253967,11.5,2739.1304347826085,26.5
305,509.0,20130924 ST1,Station 1,89.0,Jinapsan Cave,2013-09-23 00:00:00,2013-09-24 00:00:00,58468.24,0.04049884969325153,61.0,2739.1304347826085,26.5
306,510.0,20130924 ST2,Station 2,89.0,Jinapsan Cave,2013-09-23 00:00:00,2013-09-24 00:00:00,73278.08,0.06755970148260797,132.83333333333331,2739.1304347826085,26.5
307,511.0,20130924 SMP,Stumpy,89.0,Jinapsan Cave,2013-09-23 00:00:00,2013-09-24 00:00:00,44272.7,0.05834153197470133,498.9084946442638,2739.1304347826085,26.5
308,513.0,20130924 TRN,Trinity,89.0,Jinapsan Cave,2013-09-23 00:00:00,2013-09-24 00:00:00,47398.76,0.07247456540895618,1.5037593984962405,2739.1304347826085,26.5
309,515.0,20131022 FTM,Flatman,91.0,Jinapsan Cave,2013-10-21 00:00:00,2013-10-22 00:00:00,81692.41,0.07184377199155526,11.333333333333332,4500.0,26.5
310,517.0,20131022 ST1,Station 1,91.0,Jinapsan Cave,2013-10-21 00:00:00,2013-10-22 00:00:00,64472.76,0.04263525690184048,41.5,4500.0,26.5
311,518.0,20131022 ST2,Station 2,91.0,Jinapsan Cave,2013-10-21 00:00:00,2013-10-22 00:00:00,74066.67,0.06755970148260797,80.5,4500.0,26.5
312,519.0,20131022 SMP,Stumpy,91.0,Jinapsan Cave,2013-10-21 00:00:00,2013-10-22 00:00:00,39595.39,0.06547096774193548,305.88894764674774,4500.0,26.5
313,521.0,20131022 TRN,Trinity,91.0,Jinapsan Cave,2013-10-21 00:00:00,2013-10-22 00:00:00,51440.31,0.07114583333333334,0.3082336382828994,4500.0,26.5
314,533.0,20131119 FTM,Flatman,93.0,Jinapsan Cave,2013-11-18 00:00:00,2013-11-19 00:00:00,79869.0,0.06978985821759259,14.0,755.3846153846154,26.5
315,535.0,20131119 ST1,Station 1,93.0,Jinapsan Cave,2013-11-18 00:00:00,2013-11-19 00:00:00,54605.29,0.041356878433245765,42.16666666666667,755.3846153846154,26.5
316,536.0,20131119 ST2,Station 2,93.0,Jinapsan Cave,2013-11-18 00:00:00,2013-11-19 00:00:00,73806.04,0.06755970148260797,77.33333333333333,755.3846153846154,26.5
317,537.0,20131119 SMP,Stumpy,93.0,Jinapsan Cave,2013-11-18 00:00:00,2013-11-19 00:00:00,73799.2,0.06629252153832488,308.0954094919274,755.3846153846154,26.5
318,539.0,20131119 TRN,Trinity,93.0,Jinapsan Cave,2013-11-18 00:00:00,2013-11-19 00:00:00,48551.09,0.06623973114264377,0.5573236196319018,755.3846153846154,26.5
319,541.0,20131217 FTM,Flatman,94.0,Jinapsan Cave,2013-12-16 00:00:00,2013-12-17 00:00:00,75357.13,0.07352011494252873,12.0,445.0,26.5
320,543.0,20131217 ST1,Station 1,94.0,Jinapsan Cave,2013-12-16 00:00:00,2013-12-17 00:00:00,40620.29,0.039786222944936646,83.66666666666666,445.0,26.5
321,544.0,20131217 ST2,Station 2,94.0,Jinapsan Cave,2013-12-16 00:00:00,2013-12-17 00:00:00,37749.44,0.06755970148260797,90.83333333333334,445.0,26.5
322,545.0,20131217 SMP,Stumpy,94.0,Jinapsan Cave,2013-12-16 00:00:00,2013-12-17 00:00:00,69287.4,0.056626277025421716,265.3080323584513,445.0,26.5
323,547.0,20131217 TRN,Trinity,94.0,Jinapsan Cave,2013-12-16 00:00:00,2013-12-17 00:00:00,9021.719,0.003181868619618288,0.5573236196319018,445.0,26.5
324,551.0,20140121 ST1,Station 1,95.0,Jinapsan Cave,2014-01-21 00:00:00,2014-01-22 00:00:00,29108.61,0.07733281962988695,105.66666666666667,500.0,26.5
325,552.0,20140121 ST2,Station 2,95.0,Jinapsan Cave,2014-01-21 00:00:00,2014-01-22 00:00:00,71115.93,0.06755970148260797,96.0,500.0,26.5
326,553.0,20140121 SMP,Stumpy,95.0,Jinapsan Cave,2014-01-21 00:00:00,2014-01-22 00:00:00,57443.6,0.059152629497825224,313.3049617539983,500.0,26.5
327,555.0,20140121 TRN,Trinity,95.0,Jinapsan Cave,2014-01-21 00:00:00,2014-01-22 00:00:00,42782.78,0.06747539682539683,0.5678289945068068,500.0,26.5
328,568.0,20140217 ST1,Station 1,98.0,Jinapsan Cave,2014-02-17 00:00:00,2014-02-18 00:00:00,39117.03,0.038112617309697595,101.16666666666666,550.4347826086956,26.5
329,569.0,20140217 ST2,Station 2,98.0,Jinapsan Cave,2014-02-17 00:00:00,2014-02-18 00:00:00,74693.03,0.06755970148260797,81.0,550.4347826086956,26.5
330,570.0,20140217 SMP,Stumpy,98.0,Jinapsan Cave,2014-02-17 00:00:00,2014-02-18 00:00:00,72244.47,0.061917742706838835,270.1161525585844,550.4347826086956,26.5
331,572.0,20140217 TRN,Trinity,98.0,Jinapsan Cave,2014-02-17 00:00:00,2014-02-18 00:00:00,7177.032,0.05043702107279694,0.38942469440394756,550.4347826086956,26.5
332,576.0,20140318 ST1,Station 1,99.0,Jinapsan Cave,2014-03-17 00:00:00,2014-03-18 00:00:00,37190.18,0.03968284708249497,112.33333333333333,500.0,26.5
333,578.0,20140318 SMP,Stumpy,99.0,Jinapsan Cave,2014-03-17 00:00:00,2014-03-18 00:00:00,70714.96,0.058180555555555555,229.09608527131783,500.0,26.5
334,580.0,20140318 TRN,Trinity,99.0,Jinapsan Cave,2014-03-17 00:00:00,2014-03-18 00:00:00,40715.44,0.06389664804469274,0.5960264900662252,500.0,26.5
335,585.0,20140423 ST2,Station 2,100.0,Jinapsan Cave,2014-04-22 00:00:00,2014-04-23 00:00:00,73027.64,0.06755970148260797,108.16666666666666,500.0,26.5
336,586.0,20140423 SMP,Stumpy,100.0,Jinapsan Cave,2014-04-22 00:00:00,2014-04-23 00:00:00,73174.63,0.07203247035998321,369.6193755158891,500.0,26.5
337,588.0,20140423 TRN,Trinity,100.0,Jinapsan Cave,2014-04-22 00:00:00,2014-04-23 00:00:00,41122.89,0.11583789499875592,0.656934306569343,500.0,26.5
338,608.0,20140523 ST2,Station 2,104.0,Jinapsan Cave,2014-05-22 00:00:00,2014-05-23 00:00:00,73282.7,0.06755970148260797,112.33333333333334,665.2173913043479,26.5
339,609.0,20140523 SMP,Stumpy,104.0,Jinapsan Cave,2014-05-22 00:00:00,2014-05-23 00:00:00,73200.21,0.06657642812303828,371.15256419850095,665.2173913043479,26.5
340,611.0,20140523 TRN,Trinity,104.0,Jinapsan Cave,2014-05-22 00:00:00,2014-05-23 00:00:00,44501.55,0.06961332401583975,0.6383299798792756,665.2173913043479,26.5
341,619.0,20140617 ST1,Station 1,106.0,Jinapsan Cave,2014-06-16 00:00:00,2014-06-17 00:00:00,56196.08,0.005673134955201593,45.12484409320898,500.0,26.5
342,621.0,20140617 SMP,Stumpy,106.0,Jinapsan Cave,2014-06-16 00:00:00,2014-06-17 00:00:00,73955.22,0.06661254612546126,423.5364873051714,500.0,26.5
343,623.0,20140617 TRN,Trinity,106.0,Jinapsan Cave,2014-06-16 00:00:00,2014-06-17 00:00:00,48258.46,1.2074622057004412e-05,0.6667032484635645,500.0,26.5
344,674.0,20100406 TRN,Trinity,33.0,Jinapsan Cave,2010-04-05 00:00:00,2010-04-06 00:00:00,42500.0,0.07149776766910959,0.6338028169014085,500.0,26.5
345,679.0,20140818 SMP,Stumpy,109.0,Jinapsan Cave,2014-08-12 00:00:00,2014-08-18 00:00:00,72412.18,0.0635147638587175,267.15929381856057,4500.0,26.5
346,680.0,20140818 ST1,Station 1,109.0,Jinapsan Cave,2014-08-12 00:00:00,2014-08-18 00:00:00,57536.41,0.0005235893722497632,59.833333333333336,4500.0,26.5
347,681.0,20140818 ST2,Station 2,109.0,Jinapsan Cave,2014-08-12 00:00:00,2014-08-18 00:00:00,74168.89,0.06755970148260797,129.5,4500.0,26.5
348,682.0,20140818 TRN,Trinity,109.0,Jinapsan Cave,2014-08-12 00:00:00,2014-08-18 00:00:00,49280.14,0.06811689643853604,0.4023977684135557,4500.0,26.5
349,687.0,20140923 SMP,Stumpy,112.0,Jinapsan Cave,2014-09-22 00:00:00,2014-09-23 00:00:00,72411.43,0.06585431352802955,330.46891879520285,3168.8888888888887,26.5
350,689.0,20140923 ST2,Station 2,112.0,Jinapsan Cave,2014-09-22 00:00:00,2014-09-23 00:00:00,74024.41,0.06755970148260797,92.66666666666667,3168.8888888888887,26.5
351,695.0,20141031 SMP,Stumpy,115.0,Jinapsan Cave,2014-10-30 00:00:00,2014-10-31 00:00:00,55989.78,0.060930506478209655,333.41173144876325,1344.3478260869565,26.5
352,696.0,20141031 ST1,Station 1,115.0,Jinapsan Cave,2014-10-30 00:00:00,2014-10-31 00:00:00,57939.17,0.007443532091337053,58.666666666666664,1344.3478260869565,26.5
354,698.0,20141031 TRN,Trinity,115.0,Jinapsan Cave,2014-10-30 00:00:00,2014-10-31 00:00:00,53983.67,0.06849140257537203,0.5769230769230769,1344.3478260869565,26.5
355,703.0,20141129 SMP,Stumpy,116.0,Jinapsan Cave,2014-11-28 00:00:00,2014-11-29 00:00:00,59461.354999999996,0.06443402777777778,376.2584213615023,1183.4782608695652,26.5
356,704.0,20141129 ST1,Station 1,116.0,Jinapsan Cave,2014-11-28 00:00:00,2014-11-29 00:00:00,46568.92,0.07733281962988695,93.66666666666666,1183.4782608695652,26.5
357,706.0,20141129 TRN,Trinity,116.0,Jinapsan Cave,2014-11-28 00:00:00,2014-11-29 00:00:00,50083.67,0.059214864652187615,0.5678289945068068,1183.4782608695652,26.5
358,711.0,20141230 SMP,Stumpy,117.0,Jinapsan Cave,2014-12-29 00:00:00,2014-12-30 00:00:00,48736.53,0.06873642873642874,381.97156371653006,500.0,26.5
359,712.0,20141230 ST1,Station 1,117.0,Jinapsan Cave,2014-12-29 00:00:00,2014-12-30 00:00:00,35064.9,-0.0007131373341732402,86.16666666666667,500.0,26.5
360,714.0,20141230 TRN,Trinity,117.0,Jinapsan Cave,2014-12-29 00:00:00,2014-12-30 00:00:00,47345.03,0.07170557365182774,0.588637626640448,500.0,26.5
361,719.0,20150131 SMP,Stumpy,119.0,Jinapsan Cave,2015-01-30 00:00:00,2015-01-31 00:00:00,48493.56,0.06789943227899431,359.1794018910345,648.4782608695652,26.5
362,720.0,20150131 ST1,Station 1,119.0,Jinapsan Cave,2015-01-30 00:00:00,2015-01-31 00:00:00,48647.06,0.04022290640394089,57.33333333333333,648.4782608695652,26.5
363,722.0,20150131 TRN,Trinity,119.0,Jinapsan Cave,2015-01-30 00:00:00,2015-01-31 00:00:00,44516.9,0.06328402366863907,0.578927773641102,648.4782608695652,26.5
364,727.0,20150228 SMP,Stumpy,120.0,Jinapsan Cave,2015-02-27 00:00:00,2015-02-28 00:00:00,58253.29,0.06832986832986832,344.0,579.5652173913044,26.5
365,730.0,20150228 TRN,Trinity,120.0,Jinapsan Cave,2015-02-27 00:00:00,2015-02-28 00:00:00,39992.59,0.0711978021978022,0.6082191780821917,579.5652173913044,26.5
366,735.0,20150328 SMP,Stumpy,121.0,Jinapsan Cave,2015-03-27 00:00:00,2015-03-28 00:00:00,63869.0,0.0518327485380117,334.75,631.7647058823529,26.5
367,736.0,20150328 ST1,Station 1,121.0,Jinapsan Cave,2015-03-27 00:00:00,2015-03-28 00:00:00,61286.56333333333,0.07733281962988695,136.16666666666666,631.7647058823529,26.5
368,738.0,20150328 TRN,Trinity,121.0,Jinapsan Cave,2015-03-27 00:00:00,2015-03-28 00:00:00,37813.02,0.05585367818870357,0.6317733990147784,631.7647058823529,26.5
369,739.0,20150502 TRN,Trinity,122.0,Jinapsan Cave,2015-05-01 00:00:00,2015-05-02 00:00:00,37051.48,0.07089752650176678,0.6428571428571429,684.4444444444445,26.5
370,744.0,20150502 SMP,Stumpy,122.0,Jinapsan Cave,2015-05-01 00:00:00,2015-05-02 00:00:00,59866.55,0.010613509192645884,419.5,684.4444444444445,26.5
371,747.0,20150530 SMP,Stumpy,123.0,Jinapsan Cave,2015-05-29 00:00:00,2015-05-30 00:00:00,66710.53,0.0583202846975089,307.2948819152378,613.0434782608696,26.5
372,752.0,20150530 TRN,Trinity,123.0,Jinapsan Cave,2015-05-29 00:00:00,2015-05-30 00:00:00,37324.95,0.04225671347622567,0.8256880733944955,613.0434782608696,26.5
373,754.0,20150626 SMP,Stumpy,126.0,Jinapsan Cave,2015-06-25 07:30:00,2015-06-26 07:30:00,62453.97,0.022623546511627908,393.0,489.5833333333333,26.5
374,759.0,20150626 TRN,Trinity,126.0,Jinapsan Cave,2015-06-25 07:30:00,2015-06-26 07:30:00,38374.03,0.071251624431449,0.75,489.5833333333333,26.5
377,768.0,20150901 SMP,Stumpy,130.0,Jinapsan Cave,2015-08-31 09:09:00,2015-09-01 12:27:00,70823.08,0.0706890674458242,330.8717013265317,3773.3333333333335,26.5
378,774.0,20150901 TRN,Trinity,130.0,Jinapsan Cave,2015-08-31 09:09:00,2015-09-01 12:27:00,44506.994999999995,0.0739423666462293,0.4368932038834951,3773.3333333333335,26.5
380,781.0,20150929 TRN,Trinity,132.0,Jinapsan Cave,2015-09-28 09:22:00,2015-09-29 11:00:00,53217.27,0.045547433398310584,0.5172413793103449,3837.8,26.5
381,782.0,20151027 SMP,Stumpy,133.0,Jinapsan Cave,2015-10-26 09:13:00,2015-10-27 08:47:00,69684.16,0.07668371073776482,347.0,4251.086956521739,26.5
382,788.0,20151027 TRN,Trinity,133.0,Jinapsan Cave,2015-10-26 09:13:00,2015-10-27 08:47:00,56081.05,0.07255427841634739,0.46153846153846156,4251.086956521739,26.5
383,795.0,20151124 TRN,Trinity,135.0,Jinapsan Cave,2015-11-23 09:11:00,2015-11-24 09:10:00,51570.01,0.0653458138325533,0.4838709677419355,540.4347826086956,26.5
384,796.0,20151229 SMP,Stumpy,138.0,Jinapsan Cave,2015-12-21 09:55:00,2015-12-29 10:50:00,48291.02,0.08062997827661116,365.0,518.4455958549223,26.5
385,802.0,20151229 TRN,Trinity,138.0,Jinapsan Cave,2015-12-21 09:55:00,2015-12-29 10:50:00,45090.47,0.031906961269741865,0.5555555555555556,518.4455958549223,26.5
